Nombre del Producto,Precio,URL Imagen,Promocion
cadenitas 100,100.00,https://www.dropbox.com/scl/fi/gga84zv49rxhmm6se236f/pendulo.jpg?rlkey=tygwp5vra0vwzj79k21nc2i5y&st=5w2lwykb&raw=1,Cadenita 100 + Pendulo + inicial gratis  = 250
rodio 100,100.01,https://www.dropbox.com/scl/fi/gga84zv49rxhmm6se236f/pendulo.jpg?rlkey=tygwp5vra0vwzj79k21nc2i5y&st=5w2lwykb&raw=2,Cadenita 100 + Pendulo + inicial gratis  = 250
cadenas 150,100.02,https://www.dropbox.com/scl/fi/gga84zv49rxhmm6se236f/pendulo.jpg?rlkey=tygwp5vra0vwzj79k21nc2i5y&st=5w2lwykb&raw=3,Cadenita 100 + Pendulo + inicial gratis  = 250
plana 200,100.03,https://www.dropbox.com/scl/fi/gga84zv49rxhmm6se236f/pendulo.jpg?rlkey=tygwp5vra0vwzj79k21nc2i5y&st=5w2lwykb&raw=4,Cadenita 100 + Pendulo + inicial gratis  = 250
cadenas 250,100.04,https://www.dropbox.com/scl/fi/gga84zv49rxhmm6se236f/pendulo.jpg?rlkey=tygwp5vra0vwzj79k21nc2i5y&st=5w2lwykb&raw=5,Cadenita 100 + Pendulo + inicial gratis  = 250
corazones plateada 250,100.05,https://www.dropbox.com/scl/fi/gga84zv49rxhmm6se236f/pendulo.jpg?rlkey=tygwp5vra0vwzj79k21nc2i5y&st=5w2lwykb&raw=6,Cadenita 100 + Pendulo + inicial gratis  = 250
eslabon largo 350,100.06,https://www.dropbox.com/scl/fi/gga84zv49rxhmm6se236f/pendulo.jpg?rlkey=tygwp5vra0vwzj79k21nc2i5y&st=5w2lwykb&raw=7,Cadenita 100 + Pendulo + inicial gratis  = 250
serpenteada 350,100.07,https://www.dropbox.com/scl/fi/gga84zv49rxhmm6se236f/pendulo.jpg?rlkey=tygwp5vra0vwzj79k21nc2i5y&st=5w2lwykb&raw=8,Cadenita 100 + Pendulo + inicial gratis  = 251
cadena quebrada 350,100.08,https://www.dropbox.com/scl/fi/gga84zv49rxhmm6se236f/pendulo.jpg?rlkey=tygwp5vra0vwzj79k21nc2i5y&st=5w2lwykb&raw=9,Cadenita 100 + Pendulo + inicial gratis  = 252
fake torsal 200,100.09,https://www.dropbox.com/scl/fi/gga84zv49rxhmm6se236f/pendulo.jpg?rlkey=tygwp5vra0vwzj79k21nc2i5y&st=5w2lwykb&raw=10,Cadenita 100 + Pendulo + inicial gratis  = 253
fake torsal 150,100.10,https://www.dropbox.com/scl/fi/gga84zv49rxhmm6se236f/pendulo.jpg?rlkey=tygwp5vra0vwzj79k21nc2i5y&st=5w2lwykb&raw=11,Cadenita 100 + Pendulo + inicial gratis  = 254
torsal 250,100.11,https://www.dropbox.com/scl/fi/gga84zv49rxhmm6se236f/pendulo.jpg?rlkey=tygwp5vra0vwzj79k21nc2i5y&st=5w2lwykb&raw=12,Cadenita 100 + Pendulo + inicial gratis  = 255
torsales 350,100.12,https://www.dropbox.com/scl/fi/gga84zv49rxhmm6se236f/pendulo.jpg?rlkey=tygwp5vra0vwzj79k21nc2i5y&st=5w2lwykb&raw=13,Cadenita 100 + Pendulo + inicial gratis  = 256
torsales 450,100.13,https://www.dropbox.com/scl/fi/gga84zv49rxhmm6se236f/pendulo.jpg?rlkey=tygwp5vra0vwzj79k21nc2i5y&st=5w2lwykb&raw=14,Cadenita 100 + Pendulo + inicial gratis  = 257
torsal 650,100.14,https://www.dropbox.com/scl/fi/gga84zv49rxhmm6se236f/pendulo.jpg?rlkey=tygwp5vra0vwzj79k21nc2i5y&st=5w2lwykb&raw=15,Cadenita 100 + Pendulo + inicial gratis  = 258
torsal 700,100.15,https://www.dropbox.com/scl/fi/gga84zv49rxhmm6se236f/pendulo.jpg?rlkey=tygwp5vra0vwzj79k21nc2i5y&st=5w2lwykb&raw=16,Cadenita 100 + Pendulo + inicial gratis  = 259
"cubana 1,000",100.16,https://www.dropbox.com/scl/fi/gga84zv49rxhmm6se236f/pendulo.jpg?rlkey=tygwp5vra0vwzj79k21nc2i5y&st=5w2lwykb&raw=17,Cadenita 100 + Pendulo + inicial gratis  = 260
"cubana 1,200",100.17,https://www.dropbox.com/scl/fi/gga84zv49rxhmm6se236f/pendulo.jpg?rlkey=tygwp5vra0vwzj79k21nc2i5y&st=5w2lwykb&raw=18,Cadenita 100 + Pendulo + inicial gratis  = 261
cartier 250,100.18,https://www.dropbox.com/scl/fi/gga84zv49rxhmm6se236f/pendulo.jpg?rlkey=tygwp5vra0vwzj79k21nc2i5y&st=5w2lwykb&raw=19,Cadenita 100 + Pendulo + inicial gratis  = 262
cartier 300,100.19,https://www.dropbox.com/scl/fi/gga84zv49rxhmm6se236f/pendulo.jpg?rlkey=tygwp5vra0vwzj79k21nc2i5y&st=5w2lwykb&raw=20,Cadenita 100 + Pendulo + inicial gratis  = 263
cartier 350,100.20,https://www.dropbox.com/scl/fi/gga84zv49rxhmm6se236f/pendulo.jpg?rlkey=tygwp5vra0vwzj79k21nc2i5y&st=5w2lwykb&raw=21,Cadenita 100 + Pendulo + inicial gratis  = 264
cartier 400,100.21,https://www.dropbox.com/scl/fi/gga84zv49rxhmm6se236f/pendulo.jpg?rlkey=tygwp5vra0vwzj79k21nc2i5y&st=5w2lwykb&raw=22,Cadenita 100 + Pendulo + inicial gratis  = 265
cartier 450,100.22,https://www.dropbox.com/scl/fi/gga84zv49rxhmm6se236f/pendulo.jpg?rlkey=tygwp5vra0vwzj79k21nc2i5y&st=5w2lwykb&raw=23,Cadenita 100 + Pendulo + inicial gratis  = 266
cartier 500,100.23,https://www.dropbox.com/scl/fi/gga84zv49rxhmm6se236f/pendulo.jpg?rlkey=tygwp5vra0vwzj79k21nc2i5y&st=5w2lwykb&raw=24,Cadenita 100 + Pendulo + inicial gratis  = 267
cartier 600,100.24,https://www.dropbox.com/scl/fi/gga84zv49rxhmm6se236f/pendulo.jpg?rlkey=tygwp5vra0vwzj79k21nc2i5y&st=5w2lwykb&raw=25,Cadenita 100 + Pendulo + inicial gratis  = 268
cartier 700,100.25,https://www.dropbox.com/scl/fi/gga84zv49rxhmm6se236f/pendulo.jpg?rlkey=tygwp5vra0vwzj79k21nc2i5y&st=5w2lwykb&raw=26,Cadenita 100 + Pendulo + inicial gratis  = 269
cartier 850,100.26,https://www.dropbox.com/scl/fi/gga84zv49rxhmm6se236f/pendulo.jpg?rlkey=tygwp5vra0vwzj79k21nc2i5y&st=5w2lwykb&raw=27,Cadenita 100 + Pendulo + inicial gratis  = 270
cartier 350,100.27,https://www.dropbox.com/scl/fi/gga84zv49rxhmm6se236f/pendulo.jpg?rlkey=tygwp5vra0vwzj79k21nc2i5y&st=5w2lwykb&raw=28,Cadenita 100 + Pendulo + inicial gratis  = 271
cartier 450,100.28,https://www.dropbox.com/scl/fi/gga84zv49rxhmm6se236f/pendulo.jpg?rlkey=tygwp5vra0vwzj79k21nc2i5y&st=5w2lwykb&raw=29,Cadenita 100 + Pendulo + inicial gratis  = 272
cartier 550,100.29,https://www.dropbox.com/scl/fi/gga84zv49rxhmm6se236f/pendulo.jpg?rlkey=tygwp5vra0vwzj79k21nc2i5y&st=5w2lwykb&raw=30,Cadenita 100 + Pendulo + inicial gratis  = 273
esferas 350,100.30,https://www.dropbox.com/scl/fi/gga84zv49rxhmm6se236f/pendulo.jpg?rlkey=tygwp5vra0vwzj79k21nc2i5y&st=5w2lwykb&raw=31,Cadenita 100 + Pendulo + inicial gratis  = 274
collar gótico 1700,100.31,https://www.dropbox.com/scl/fi/gga84zv49rxhmm6se236f/pendulo.jpg?rlkey=tygwp5vra0vwzj79k21nc2i5y&st=5w2lwykb&raw=32,Cadenita 100 + Pendulo + inicial gratis  = 275
fake torsal 350,100.32,https://www.dropbox.com/scl/fi/gga84zv49rxhmm6se236f/pendulo.jpg?rlkey=tygwp5vra0vwzj79k21nc2i5y&st=5w2lwykb&raw=33,Cadenita 100 + Pendulo + inicial gratis  = 276
torsal 550,100.33,https://www.dropbox.com/scl/fi/gga84zv49rxhmm6se236f/pendulo.jpg?rlkey=tygwp5vra0vwzj79k21nc2i5y&st=5w2lwykb&raw=34,Cadenita 100 + Pendulo + inicial gratis  = 277
torsal 450,100.34,https://www.dropbox.com/scl/fi/gga84zv49rxhmm6se236f/pendulo.jpg?rlkey=tygwp5vra0vwzj79k21nc2i5y&st=5w2lwykb&raw=35,Cadenita 100 + Pendulo + inicial gratis  = 278
Cubanas 1400,100.35,https://www.dropbox.com/scl/fi/gga84zv49rxhmm6se236f/pendulo.jpg?rlkey=tygwp5vra0vwzj79k21nc2i5y&st=5w2lwykb&raw=36,Cadenita 100 + Pendulo + inicial gratis  = 279
Cubana 1600,100.36,https://www.dropbox.com/scl/fi/gga84zv49rxhmm6se236f/pendulo.jpg?rlkey=tygwp5vra0vwzj79k21nc2i5y&st=5w2lwykb&raw=37,Cadenita 100 + Pendulo + inicial gratis  = 280
Cueritos negros 100,100.37,https://www.dropbox.com/scl/fi/gga84zv49rxhmm6se236f/pendulo.jpg?rlkey=tygwp5vra0vwzj79k21nc2i5y&st=5w2lwykb&raw=38,Cadenita 100 + Pendulo + inicial gratis  = 281
cadenitas 150,100.38,https://www.dropbox.com/scl/fi/gga84zv49rxhmm6se236f/pendulo.jpg?rlkey=tygwp5vra0vwzj79k21nc2i5y&st=5w2lwykb&raw=39,Cadenita 100 + Pendulo + inicial gratis  = 282
cadena 200,100.39,https://www.dropbox.com/scl/fi/gga84zv49rxhmm6se236f/pendulo.jpg?rlkey=tygwp5vra0vwzj79k21nc2i5y&st=5w2lwykb&raw=40,Cadenita 100 + Pendulo + inicial gratis  = 283
cadenas 250,100.40,https://www.dropbox.com/scl/fi/gga84zv49rxhmm6se236f/pendulo.jpg?rlkey=tygwp5vra0vwzj79k21nc2i5y&st=5w2lwykb&raw=41,Cadenita 100 + Pendulo + inicial gratis  = 284
fake torsal 300,100.41,https://www.dropbox.com/scl/fi/gga84zv49rxhmm6se236f/pendulo.jpg?rlkey=tygwp5vra0vwzj79k21nc2i5y&st=5w2lwykb&raw=42,Cadenita 100 + Pendulo + inicial gratis  = 285
fake torsal 350,100.42,https://www.dropbox.com/scl/fi/gga84zv49rxhmm6se236f/pendulo.jpg?rlkey=tygwp5vra0vwzj79k21nc2i5y&st=5w2lwykb&raw=43,Cadenita 100 + Pendulo + inicial gratis  = 286
fake torsal 400,100.43,https://www.dropbox.com/scl/fi/gga84zv49rxhmm6se236f/pendulo.jpg?rlkey=tygwp5vra0vwzj79k21nc2i5y&st=5w2lwykb&raw=44,Cadenita 100 + Pendulo + inicial gratis  = 287
cartier 300,100.44,https://www.dropbox.com/scl/fi/gga84zv49rxhmm6se236f/pendulo.jpg?rlkey=tygwp5vra0vwzj79k21nc2i5y&st=5w2lwykb&raw=45,Cadenita 100 + Pendulo + inicial gratis  = 288
cartier 350,100.45,https://www.dropbox.com/scl/fi/gga84zv49rxhmm6se236f/pendulo.jpg?rlkey=tygwp5vra0vwzj79k21nc2i5y&st=5w2lwykb&raw=46,Cadenita 100 + Pendulo + inicial gratis  = 289
Cartier 550,100.46,https://www.dropbox.com/scl/fi/gga84zv49rxhmm6se236f/pendulo.jpg?rlkey=tygwp5vra0vwzj79k21nc2i5y&st=5w2lwykb&raw=47,Cadenita 100 + Pendulo + inicial gratis  = 290
cartier 700,100.47,https://www.dropbox.com/scl/fi/gga84zv49rxhmm6se236f/pendulo.jpg?rlkey=tygwp5vra0vwzj79k21nc2i5y&st=5w2lwykb&raw=48,Cadenita 100 + Pendulo + inicial gratis  = 291
tiffany diamantada 400,100.48,https://www.dropbox.com/scl/fi/gga84zv49rxhmm6se236f/pendulo.jpg?rlkey=tygwp5vra0vwzj79k21nc2i5y&st=5w2lwykb&raw=49,Cadenita 100 + Pendulo + inicial gratis  = 292
tiffany 350,100.49,https://www.dropbox.com/scl/fi/gga84zv49rxhmm6se236f/pendulo.jpg?rlkey=tygwp5vra0vwzj79k21nc2i5y&st=5w2lwykb&raw=50,Cadenita 100 + Pendulo + inicial gratis  = 293
torsal 550,100.50,https://www.dropbox.com/scl/fi/gga84zv49rxhmm6se236f/pendulo.jpg?rlkey=tygwp5vra0vwzj79k21nc2i5y&st=5w2lwykb&raw=51,Cadenita 100 + Pendulo + inicial gratis  = 294
torsal 750,100.51,https://www.dropbox.com/scl/fi/gga84zv49rxhmm6se236f/pendulo.jpg?rlkey=tygwp5vra0vwzj79k21nc2i5y&st=5w2lwykb&raw=52,Cadenita 100 + Pendulo + inicial gratis  = 295
quebrada 450,100.52,https://www.dropbox.com/scl/fi/gga84zv49rxhmm6se236f/pendulo.jpg?rlkey=tygwp5vra0vwzj79k21nc2i5y&st=5w2lwykb&raw=53,Cadenita 100 + Pendulo + inicial gratis  = 296
serpenteada 350,100.53,https://www.dropbox.com/scl/fi/gga84zv49rxhmm6se236f/pendulo.jpg?rlkey=tygwp5vra0vwzj79k21nc2i5y&st=5w2lwykb&raw=54,Cadenita 100 + Pendulo + inicial gratis  = 297
"cubana 1,600",100.54,https://www.dropbox.com/scl/fi/gga84zv49rxhmm6se236f/pendulo.jpg?rlkey=tygwp5vra0vwzj79k21nc2i5y&st=5w2lwykb&raw=55,Cadenita 100 + Pendulo + inicial gratis  = 298
oro laminado 380,100.55,https://www.dropbox.com/scl/fi/gga84zv49rxhmm6se236f/pendulo.jpg?rlkey=tygwp5vra0vwzj79k21nc2i5y&st=5w2lwykb&raw=56,Cadenita 100 + Pendulo + inicial gratis  = 299
oro laminado 780,100.56,https://www.dropbox.com/scl/fi/gga84zv49rxhmm6se236f/pendulo.jpg?rlkey=tygwp5vra0vwzj79k21nc2i5y&st=5w2lwykb&raw=57,Cadenita 100 + Pendulo + inicial gratis  = 300
bicolor cadenas 150,100.57,https://www.dropbox.com/scl/fi/gga84zv49rxhmm6se236f/pendulo.jpg?rlkey=tygwp5vra0vwzj79k21nc2i5y&st=5w2lwykb&raw=58,Cadenita 100 + Pendulo + inicial gratis  = 301
bicolor cadenas 200,100.58,https://www.dropbox.com/scl/fi/gga84zv49rxhmm6se236f/pendulo.jpg?rlkey=tygwp5vra0vwzj79k21nc2i5y&st=5w2lwykb&raw=59,Cadenita 100 + Pendulo + inicial gratis  = 302
Bicolor cadena 250,100.59,https://www.dropbox.com/scl/fi/gga84zv49rxhmm6se236f/pendulo.jpg?rlkey=tygwp5vra0vwzj79k21nc2i5y&st=5w2lwykb&raw=60,Cadenita 100 + Pendulo + inicial gratis  = 303
bicolor cadenas 300,100.60,https://www.dropbox.com/scl/fi/gga84zv49rxhmm6se236f/pendulo.jpg?rlkey=tygwp5vra0vwzj79k21nc2i5y&st=5w2lwykb&raw=61,Cadenita 100 + Pendulo + inicial gratis  = 304
bicolor cartier 300,100.61,https://www.dropbox.com/scl/fi/gga84zv49rxhmm6se236f/pendulo.jpg?rlkey=tygwp5vra0vwzj79k21nc2i5y&st=5w2lwykb&raw=62,Cadenita 100 + Pendulo + inicial gratis  = 305
bicolor cartier 350,100.62,https://www.dropbox.com/scl/fi/gga84zv49rxhmm6se236f/pendulo.jpg?rlkey=tygwp5vra0vwzj79k21nc2i5y&st=5w2lwykb&raw=63,Cadenita 100 + Pendulo + inicial gratis  = 306
bicolor cartier 500,100.63,https://www.dropbox.com/scl/fi/gga84zv49rxhmm6se236f/pendulo.jpg?rlkey=tygwp5vra0vwzj79k21nc2i5y&st=5w2lwykb&raw=64,Cadenita 100 + Pendulo + inicial gratis  = 307
bicolor  cartier 750,100.64,https://www.dropbox.com/scl/fi/gga84zv49rxhmm6se236f/pendulo.jpg?rlkey=tygwp5vra0vwzj79k21nc2i5y&st=5w2lwykb&raw=65,Cadenita 100 + Pendulo + inicial gratis  = 308
bicolor  tiffany 800,100.65,https://www.dropbox.com/scl/fi/gga84zv49rxhmm6se236f/pendulo.jpg?rlkey=tygwp5vra0vwzj79k21nc2i5y&st=5w2lwykb&raw=66,Cadenita 100 + Pendulo + inicial gratis  = 309
Collares cafés,100.66,https://www.dropbox.com/scl/fi/gga84zv49rxhmm6se236f/pendulo.jpg?rlkey=tygwp5vra0vwzj79k21nc2i5y&st=5w2lwykb&raw=67,Cadenita 100 + Pendulo + inicial gratis  = 310
bi r. g. eslabon L. 450,100.67,https://www.dropbox.com/scl/fi/gga84zv49rxhmm6se236f/pendulo.jpg?rlkey=tygwp5vra0vwzj79k21nc2i5y&st=5w2lwykb&raw=68,Cadenita 100 + Pendulo + inicial gratis  = 311
Pir Expansores c,100.68,https://www.dropbox.com/scl/fi/gga84zv49rxhmm6se236f/pendulo.jpg?rlkey=tygwp5vra0vwzj79k21nc2i5y&st=5w2lwykb&raw=69,Cadenita 100 + Pendulo + inicial gratis  = 312
Pir Expansores M,100.69,https://www.dropbox.com/scl/fi/gga84zv49rxhmm6se236f/pendulo.jpg?rlkey=tygwp5vra0vwzj79k21nc2i5y&st=5w2lwykb&raw=70,Cadenita 100 + Pendulo + inicial gratis  = 313
Pir Expansores G,100.70,https://www.dropbox.com/scl/fi/gga84zv49rxhmm6se236f/pendulo.jpg?rlkey=tygwp5vra0vwzj79k21nc2i5y&st=5w2lwykb&raw=71,Cadenita 100 + Pendulo + inicial gratis  = 314
Pir Espinas C,100.71,https://www.dropbox.com/scl/fi/gga84zv49rxhmm6se236f/pendulo.jpg?rlkey=tygwp5vra0vwzj79k21nc2i5y&st=5w2lwykb&raw=72,Cadenita 100 + Pendulo + inicial gratis  = 315
Pir Labio,100.72,https://www.dropbox.com/scl/fi/gga84zv49rxhmm6se236f/pendulo.jpg?rlkey=tygwp5vra0vwzj79k21nc2i5y&st=5w2lwykb&raw=73,Cadenita 100 + Pendulo + inicial gratis  = 316
Septum,100.73,https://www.dropbox.com/scl/fi/gga84zv49rxhmm6se236f/pendulo.jpg?rlkey=tygwp5vra0vwzj79k21nc2i5y&st=5w2lwykb&raw=74,Cadenita 100 + Pendulo + inicial gratis  = 317
Simulador septum,100.74,https://www.dropbox.com/scl/fi/gga84zv49rxhmm6se236f/pendulo.jpg?rlkey=tygwp5vra0vwzj79k21nc2i5y&st=5w2lwykb&raw=75,Cadenita 100 + Pendulo + inicial gratis  = 318
Nostril,100.75,https://www.dropbox.com/scl/fi/gga84zv49rxhmm6se236f/pendulo.jpg?rlkey=tygwp5vra0vwzj79k21nc2i5y&st=5w2lwykb&raw=76,Cadenita 100 + Pendulo + inicial gratis  = 319
Pir Ceja,100.76,https://www.dropbox.com/scl/fi/gga84zv49rxhmm6se236f/pendulo.jpg?rlkey=tygwp5vra0vwzj79k21nc2i5y&st=5w2lwykb&raw=77,Cadenita 100 + Pendulo + inicial gratis  = 320
Pir Industriales,100.77,https://www.dropbox.com/scl/fi/gga84zv49rxhmm6se236f/pendulo.jpg?rlkey=tygwp5vra0vwzj79k21nc2i5y&st=5w2lwykb&raw=78,Cadenita 100 + Pendulo + inicial gratis  = 321
pir Lengua,100.78,https://www.dropbox.com/scl/fi/gga84zv49rxhmm6se236f/pendulo.jpg?rlkey=tygwp5vra0vwzj79k21nc2i5y&st=5w2lwykb&raw=79,Cadenita 100 + Pendulo + inicial gratis  = 322
Pir Pezón,100.79,https://www.dropbox.com/scl/fi/gga84zv49rxhmm6se236f/pendulo.jpg?rlkey=tygwp5vra0vwzj79k21nc2i5y&st=5w2lwykb&raw=80,Cadenita 100 + Pendulo + inicial gratis  = 323
Pir Ombligo,100.80,https://www.dropbox.com/scl/fi/gga84zv49rxhmm6se236f/pendulo.jpg?rlkey=tygwp5vra0vwzj79k21nc2i5y&st=5w2lwykb&raw=81,Cadenita 100 + Pendulo + inicial gratis  = 324
Aretes bambú,100.81,https://www.dropbox.com/scl/fi/gga84zv49rxhmm6se236f/pendulo.jpg?rlkey=tygwp5vra0vwzj79k21nc2i5y&st=5w2lwykb&raw=82,Cadenita 100 + Pendulo + inicial gratis  = 325
Arete Halloween,100.82,https://www.dropbox.com/scl/fi/gga84zv49rxhmm6se236f/pendulo.jpg?rlkey=tygwp5vra0vwzj79k21nc2i5y&st=5w2lwykb&raw=83,Cadenita 100 + Pendulo + inicial gratis  = 326
Arete Cruz 150,100.83,https://www.dropbox.com/scl/fi/gga84zv49rxhmm6se236f/pendulo.jpg?rlkey=tygwp5vra0vwzj79k21nc2i5y&st=5w2lwykb&raw=84,Cadenita 100 + Pendulo + inicial gratis  = 327
pirAcrílico,100.84,https://www.dropbox.com/scl/fi/gga84zv49rxhmm6se236f/pendulo.jpg?rlkey=tygwp5vra0vwzj79k21nc2i5y&st=5w2lwykb&raw=85,Cadenita 100 + Pendulo + inicial gratis  = 328
PirTornillo,100.85,https://www.dropbox.com/scl/fi/gga84zv49rxhmm6se236f/pendulo.jpg?rlkey=tygwp5vra0vwzj79k21nc2i5y&st=5w2lwykb&raw=86,Cadenita 100 + Pendulo + inicial gratis  = 329
Kiss,100.86,https://www.dropbox.com/scl/fi/gga84zv49rxhmm6se236f/pendulo.jpg?rlkey=tygwp5vra0vwzj79k21nc2i5y&st=5w2lwykb&raw=87,Cadenita 100 + Pendulo + inicial gratis  = 330
Sanrio,100.87,https://www.dropbox.com/scl/fi/gga84zv49rxhmm6se236f/pendulo.jpg?rlkey=tygwp5vra0vwzj79k21nc2i5y&st=5w2lwykb&raw=88,Cadenita 100 + Pendulo + inicial gratis  = 331
arracadas plateadas,100.88,https://www.dropbox.com/scl/fi/gga84zv49rxhmm6se236f/pendulo.jpg?rlkey=tygwp5vra0vwzj79k21nc2i5y&st=5w2lwykb&raw=89,Cadenita 100 + Pendulo + inicial gratis  = 332
Arracada p con brillos,100.89,https://www.dropbox.com/scl/fi/gga84zv49rxhmm6se236f/pendulo.jpg?rlkey=tygwp5vra0vwzj79k21nc2i5y&st=5w2lwykb&raw=90,Cadenita 100 + Pendulo + inicial gratis  = 333
arracada d con brillos,100.90,https://www.dropbox.com/scl/fi/gga84zv49rxhmm6se236f/pendulo.jpg?rlkey=tygwp5vra0vwzj79k21nc2i5y&st=5w2lwykb&raw=91,Cadenita 100 + Pendulo + inicial gratis  = 334
simuladores piercing,100.91,https://www.dropbox.com/scl/fi/gga84zv49rxhmm6se236f/pendulo.jpg?rlkey=tygwp5vra0vwzj79k21nc2i5y&st=5w2lwykb&raw=92,Cadenita 100 + Pendulo + inicial gratis  = 335
Aretes con cadena,100.92,https://www.dropbox.com/scl/fi/gga84zv49rxhmm6se236f/pendulo.jpg?rlkey=tygwp5vra0vwzj79k21nc2i5y&st=5w2lwykb&raw=93,Cadenita 100 + Pendulo + inicial gratis  = 336
Arracadas negras,100.93,https://www.dropbox.com/scl/fi/gga84zv49rxhmm6se236f/pendulo.jpg?rlkey=tygwp5vra0vwzj79k21nc2i5y&st=5w2lwykb&raw=94,Cadenita 100 + Pendulo + inicial gratis  = 337
diamante con colgante,100.94,https://www.dropbox.com/scl/fi/gga84zv49rxhmm6se236f/pendulo.jpg?rlkey=tygwp5vra0vwzj79k21nc2i5y&st=5w2lwykb&raw=95,Cadenita 100 + Pendulo + inicial gratis  = 338
colgantes con cadena,100.95,https://www.dropbox.com/scl/fi/gga84zv49rxhmm6se236f/pendulo.jpg?rlkey=tygwp5vra0vwzj79k21nc2i5y&st=5w2lwykb&raw=96,Cadenita 100 + Pendulo + inicial gratis  = 339
arracadas tornasol,100.96,https://www.dropbox.com/scl/fi/gga84zv49rxhmm6se236f/pendulo.jpg?rlkey=tygwp5vra0vwzj79k21nc2i5y&st=5w2lwykb&raw=97,Cadenita 100 + Pendulo + inicial gratis  = 340
Pares largos brillos,100.97,https://www.dropbox.com/scl/fi/gga84zv49rxhmm6se236f/pendulo.jpg?rlkey=tygwp5vra0vwzj79k21nc2i5y&st=5w2lwykb&raw=98,Cadenita 100 + Pendulo + inicial gratis  = 341
pares gota grandes,100.98,https://www.dropbox.com/scl/fi/gga84zv49rxhmm6se236f/pendulo.jpg?rlkey=tygwp5vra0vwzj79k21nc2i5y&st=5w2lwykb&raw=99,Cadenita 100 + Pendulo + inicial gratis  = 342
pares gota medianos,100.99,https://www.dropbox.com/scl/fi/gga84zv49rxhmm6se236f/pendulo.jpg?rlkey=tygwp5vra0vwzj79k21nc2i5y&st=5w2lwykb&raw=100,Cadenita 100 + Pendulo + inicial gratis  = 343
pares gota chicos,100.100,https://www.dropbox.com/scl/fi/gga84zv49rxhmm6se236f/pendulo.jpg?rlkey=tygwp5vra0vwzj79k21nc2i5y&st=5w2lwykb&raw=101,Cadenita 100 + Pendulo + inicial gratis  = 344
pares corazon,100.101,https://www.dropbox.com/scl/fi/gga84zv49rxhmm6se236f/pendulo.jpg?rlkey=tygwp5vra0vwzj79k21nc2i5y&st=5w2lwykb&raw=102,Cadenita 100 + Pendulo + inicial gratis  = 345
pares aretes c,100.102,https://www.dropbox.com/scl/fi/gga84zv49rxhmm6se236f/pendulo.jpg?rlkey=tygwp5vra0vwzj79k21nc2i5y&st=5w2lwykb&raw=103,Cadenita 100 + Pendulo + inicial gratis  = 346
Collares Budas,100.103,https://www.dropbox.com/scl/fi/gga84zv49rxhmm6se236f/pendulo.jpg?rlkey=tygwp5vra0vwzj79k21nc2i5y&st=5w2lwykb&raw=104,Cadenita 100 + Pendulo + inicial gratis  = 347
Collar Buda cuarzo,100.104,https://www.dropbox.com/scl/fi/gga84zv49rxhmm6se236f/pendulo.jpg?rlkey=tygwp5vra0vwzj79k21nc2i5y&st=5w2lwykb&raw=105,Cadenita 100 + Pendulo + inicial gratis  = 348
Collar perla 1680,100.105,https://www.dropbox.com/scl/fi/gga84zv49rxhmm6se236f/pendulo.jpg?rlkey=tygwp5vra0vwzj79k21nc2i5y&st=5w2lwykb&raw=106,Cadenita 100 + Pendulo + inicial gratis  = 349
Collare ojo con colores,100.106,https://www.dropbox.com/scl/fi/gga84zv49rxhmm6se236f/pendulo.jpg?rlkey=tygwp5vra0vwzj79k21nc2i5y&st=5w2lwykb&raw=107,Cadenita 100 + Pendulo + inicial gratis  = 350
Collar Ojos turcos,100.107,https://www.dropbox.com/scl/fi/gga84zv49rxhmm6se236f/pendulo.jpg?rlkey=tygwp5vra0vwzj79k21nc2i5y&st=5w2lwykb&raw=108,Cadenita 100 + Pendulo + inicial gratis  = 351
Collar perrito,100.108,https://www.dropbox.com/scl/fi/gga84zv49rxhmm6se236f/pendulo.jpg?rlkey=tygwp5vra0vwzj79k21nc2i5y&st=5w2lwykb&raw=109,Cadenita 100 + Pendulo + inicial gratis  = 352
Collar mickey,100.109,https://www.dropbox.com/scl/fi/gga84zv49rxhmm6se236f/pendulo.jpg?rlkey=tygwp5vra0vwzj79k21nc2i5y&st=5w2lwykb&raw=110,Cadenita 100 + Pendulo + inicial gratis  = 353
Collar Mickey grande,100.110,https://www.dropbox.com/scl/fi/gga84zv49rxhmm6se236f/pendulo.jpg?rlkey=tygwp5vra0vwzj79k21nc2i5y&st=5w2lwykb&raw=111,Cadenita 100 + Pendulo + inicial gratis  = 354
Collar Nudo de bruja dorado,100.111,https://www.dropbox.com/scl/fi/gga84zv49rxhmm6se236f/pendulo.jpg?rlkey=tygwp5vra0vwzj79k21nc2i5y&st=5w2lwykb&raw=112,Cadenita 100 + Pendulo + inicial gratis  = 355
Collar nudo de bruja negro,100.112,https://www.dropbox.com/scl/fi/gga84zv49rxhmm6se236f/pendulo.jpg?rlkey=tygwp5vra0vwzj79k21nc2i5y&st=5w2lwykb&raw=113,Cadenita 100 + Pendulo + inicial gratis  = 356
Collar N bruja plat g,100.113,https://www.dropbox.com/scl/fi/gga84zv49rxhmm6se236f/pendulo.jpg?rlkey=tygwp5vra0vwzj79k21nc2i5y&st=5w2lwykb&raw=114,Cadenita 100 + Pendulo + inicial gratis  = 357
Collar Nbruja plat ch,100.114,https://www.dropbox.com/scl/fi/gga84zv49rxhmm6se236f/pendulo.jpg?rlkey=tygwp5vra0vwzj79k21nc2i5y&st=5w2lwykb&raw=115,Cadenita 100 + Pendulo + inicial gratis  = 358
Collar cartas tarot,100.115,https://www.dropbox.com/scl/fi/gga84zv49rxhmm6se236f/pendulo.jpg?rlkey=tygwp5vra0vwzj79k21nc2i5y&st=5w2lwykb&raw=116,Cadenita 100 + Pendulo + inicial gratis  = 359
Collar tetra negro,100.116,https://www.dropbox.com/scl/fi/gga84zv49rxhmm6se236f/pendulo.jpg?rlkey=tygwp5vra0vwzj79k21nc2i5y&st=5w2lwykb&raw=117,Cadenita 100 + Pendulo + inicial gratis  = 360
Collar med zodiaco,100.117,https://www.dropbox.com/scl/fi/gga84zv49rxhmm6se236f/pendulo.jpg?rlkey=tygwp5vra0vwzj79k21nc2i5y&st=5w2lwykb&raw=118,Cadenita 100 + Pendulo + inicial gratis  = 361
Collar cruces doradas,100.118,https://www.dropbox.com/scl/fi/gga84zv49rxhmm6se236f/pendulo.jpg?rlkey=tygwp5vra0vwzj79k21nc2i5y&st=5w2lwykb&raw=119,Cadenita 100 + Pendulo + inicial gratis  = 362
Collar ojos turcos 250,100.119,https://www.dropbox.com/scl/fi/gga84zv49rxhmm6se236f/pendulo.jpg?rlkey=tygwp5vra0vwzj79k21nc2i5y&st=5w2lwykb&raw=120,Cadenita 100 + Pendulo + inicial gratis  = 363
Collar ojos turcos 150,100.120,https://www.dropbox.com/scl/fi/gga84zv49rxhmm6se236f/pendulo.jpg?rlkey=tygwp5vra0vwzj79k21nc2i5y&st=5w2lwykb&raw=121,Cadenita 100 + Pendulo + inicial gratis  = 364
Collar Ojos turcos 100,100.121,https://www.dropbox.com/scl/fi/gga84zv49rxhmm6se236f/pendulo.jpg?rlkey=tygwp5vra0vwzj79k21nc2i5y&st=5w2lwykb&raw=122,Cadenita 100 + Pendulo + inicial gratis  = 365
Collar triquetas plateadas,100.122,https://www.dropbox.com/scl/fi/gga84zv49rxhmm6se236f/pendulo.jpg?rlkey=tygwp5vra0vwzj79k21nc2i5y&st=5w2lwykb&raw=123,Cadenita 100 + Pendulo + inicial gratis  = 366
Collar triqueta dorada,100.123,https://www.dropbox.com/scl/fi/gga84zv49rxhmm6se236f/pendulo.jpg?rlkey=tygwp5vra0vwzj79k21nc2i5y&st=5w2lwykb&raw=124,Cadenita 100 + Pendulo + inicial gratis  = 367
Bolitas zodiaco,100.124,https://www.dropbox.com/scl/fi/gga84zv49rxhmm6se236f/pendulo.jpg?rlkey=tygwp5vra0vwzj79k21nc2i5y&st=5w2lwykb&raw=125,Cadenita 100 + Pendulo + inicial gratis  = 368
Collar gotas con flor,100.125,https://www.dropbox.com/scl/fi/gga84zv49rxhmm6se236f/pendulo.jpg?rlkey=tygwp5vra0vwzj79k21nc2i5y&st=5w2lwykb&raw=126,Cadenita 100 + Pendulo + inicial gratis  = 369
Collar Arbol d la vida,100.126,https://www.dropbox.com/scl/fi/gga84zv49rxhmm6se236f/pendulo.jpg?rlkey=tygwp5vra0vwzj79k21nc2i5y&st=5w2lwykb&raw=127,Cadenita 100 + Pendulo + inicial gratis  = 370
Bolsitas con cuarzo,100.127,https://www.dropbox.com/scl/fi/gga84zv49rxhmm6se236f/pendulo.jpg?rlkey=tygwp5vra0vwzj79k21nc2i5y&st=5w2lwykb&raw=128,Cadenita 100 + Pendulo + inicial gratis  = 371
collar de avion,100.128,https://www.dropbox.com/scl/fi/gga84zv49rxhmm6se236f/pendulo.jpg?rlkey=tygwp5vra0vwzj79k21nc2i5y&st=5w2lwykb&raw=129,Cadenita 100 + Pendulo + inicial gratis  = 372
collar de ancla,100.129,https://www.dropbox.com/scl/fi/gga84zv49rxhmm6se236f/pendulo.jpg?rlkey=tygwp5vra0vwzj79k21nc2i5y&st=5w2lwykb&raw=130,Cadenita 100 + Pendulo + inicial gratis  = 373
Collar yingyang par C,100.130,https://www.dropbox.com/scl/fi/gga84zv49rxhmm6se236f/pendulo.jpg?rlkey=tygwp5vra0vwzj79k21nc2i5y&st=5w2lwykb&raw=131,Cadenita 100 + Pendulo + inicial gratis  = 374
Collar placa,100.131,https://www.dropbox.com/scl/fi/gga84zv49rxhmm6se236f/pendulo.jpg?rlkey=tygwp5vra0vwzj79k21nc2i5y&st=5w2lwykb&raw=132,Cadenita 100 + Pendulo + inicial gratis  = 375
Collar controles,100.132,https://www.dropbox.com/scl/fi/gga84zv49rxhmm6se236f/pendulo.jpg?rlkey=tygwp5vra0vwzj79k21nc2i5y&st=5w2lwykb&raw=133,Cadenita 100 + Pendulo + inicial gratis  = 376
Collar orgonitas,100.133,https://www.dropbox.com/scl/fi/gga84zv49rxhmm6se236f/pendulo.jpg?rlkey=tygwp5vra0vwzj79k21nc2i5y&st=5w2lwykb&raw=134,Cadenita 100 + Pendulo + inicial gratis  = 377
collar de luna dorado,100.134,https://www.dropbox.com/scl/fi/gga84zv49rxhmm6se236f/pendulo.jpg?rlkey=tygwp5vra0vwzj79k21nc2i5y&st=5w2lwykb&raw=135,Cadenita 100 + Pendulo + inicial gratis  = 378
escapularios SB 250,100.135,https://www.dropbox.com/scl/fi/gga84zv49rxhmm6se236f/pendulo.jpg?rlkey=tygwp5vra0vwzj79k21nc2i5y&st=5w2lwykb&raw=136,Cadenita 100 + Pendulo + inicial gratis  = 379
Escapularios SB 150,100.136,https://www.dropbox.com/scl/fi/gga84zv49rxhmm6se236f/pendulo.jpg?rlkey=tygwp5vra0vwzj79k21nc2i5y&st=5w2lwykb&raw=137,Cadenita 100 + Pendulo + inicial gratis  = 380
Llamadores de angeles,100.137,https://www.dropbox.com/scl/fi/gga84zv49rxhmm6se236f/pendulo.jpg?rlkey=tygwp5vra0vwzj79k21nc2i5y&st=5w2lwykb&raw=138,Cadenita 100 + Pendulo + inicial gratis  = 381
Collar constelacion,100.138,https://www.dropbox.com/scl/fi/gga84zv49rxhmm6se236f/pendulo.jpg?rlkey=tygwp5vra0vwzj79k21nc2i5y&st=5w2lwykb&raw=139,Cadenita 100 + Pendulo + inicial gratis  = 382
collares gota dorados,100.139,https://www.dropbox.com/scl/fi/gga84zv49rxhmm6se236f/pendulo.jpg?rlkey=tygwp5vra0vwzj79k21nc2i5y&st=5w2lwykb&raw=140,Cadenita 100 + Pendulo + inicial gratis  = 383
collares gota plateadas,100.140,https://www.dropbox.com/scl/fi/gga84zv49rxhmm6se236f/pendulo.jpg?rlkey=tygwp5vra0vwzj79k21nc2i5y&st=5w2lwykb&raw=141,Cadenita 100 + Pendulo + inicial gratis  = 384
Collares corazón,100.141,https://www.dropbox.com/scl/fi/gga84zv49rxhmm6se236f/pendulo.jpg?rlkey=tygwp5vra0vwzj79k21nc2i5y&st=5w2lwykb&raw=142,Cadenita 100 + Pendulo + inicial gratis  = 385
Pendulo Flourescente,100.142,https://www.dropbox.com/scl/fi/gga84zv49rxhmm6se236f/pendulo.jpg?rlkey=tygwp5vra0vwzj79k21nc2i5y&st=5w2lwykb&raw=143,Cadenita 100 + Pendulo + inicial gratis  = 386
Pendu Ojo de tigre,100.143,https://www.dropbox.com/scl/fi/gga84zv49rxhmm6se236f/pendulo.jpg?rlkey=tygwp5vra0vwzj79k21nc2i5y&st=5w2lwykb&raw=144,Cadenita 100 + Pendulo + inicial gratis  = 387
Pendu Amatista,100.144,https://www.dropbox.com/scl/fi/gga84zv49rxhmm6se236f/pendulo.jpg?rlkey=tygwp5vra0vwzj79k21nc2i5y&st=5w2lwykb&raw=145,Cadenita 100 + Pendulo + inicial gratis  = 388
Pendu Verdes,100.145,https://www.dropbox.com/scl/fi/gga84zv49rxhmm6se236f/pendulo.jpg?rlkey=tygwp5vra0vwzj79k21nc2i5y&st=5w2lwykb&raw=146,Cadenita 100 + Pendulo + inicial gratis  = 389
Pendu Luna,100.146,https://www.dropbox.com/scl/fi/gga84zv49rxhmm6se236f/pendulo.jpg?rlkey=tygwp5vra0vwzj79k21nc2i5y&st=5w2lwykb&raw=147,Cadenita 100 + Pendulo + inicial gratis  = 390
Pendu obsidiana,100.147,https://www.dropbox.com/scl/fi/gga84zv49rxhmm6se236f/pendulo.jpg?rlkey=tygwp5vra0vwzj79k21nc2i5y&st=5w2lwykb&raw=148,Cadenita 100 + Pendulo + inicial gratis  = 391
Pendu Cristal rosa,100.148,https://www.dropbox.com/scl/fi/gga84zv49rxhmm6se236f/pendulo.jpg?rlkey=tygwp5vra0vwzj79k21nc2i5y&st=5w2lwykb&raw=149,Cadenita 100 + Pendulo + inicial gratis  = 392
Pendu Cristal rojo,100.149,https://www.dropbox.com/scl/fi/gga84zv49rxhmm6se236f/pendulo.jpg?rlkey=tygwp5vra0vwzj79k21nc2i5y&st=5w2lwykb&raw=150,Cadenita 100 + Pendulo + inicial gratis  = 393
Pendu Confitados,100.150,https://www.dropbox.com/scl/fi/gga84zv49rxhmm6se236f/pendulo.jpg?rlkey=tygwp5vra0vwzj79k21nc2i5y&st=5w2lwykb&raw=151,Cadenita 100 + Pendulo + inicial gratis  = 394
Pendu Cuarzo rosa,100.151,https://www.dropbox.com/scl/fi/gga84zv49rxhmm6se236f/pendulo.jpg?rlkey=tygwp5vra0vwzj79k21nc2i5y&st=5w2lwykb&raw=152,Cadenita 100 + Pendulo + inicial gratis  = 395
Pendu Blanco marmoleado,100.152,https://www.dropbox.com/scl/fi/gga84zv49rxhmm6se236f/pendulo.jpg?rlkey=tygwp5vra0vwzj79k21nc2i5y&st=5w2lwykb&raw=153,Cadenita 100 + Pendulo + inicial gratis  = 396
Pendu Cristal azul,100.153,https://www.dropbox.com/scl/fi/gga84zv49rxhmm6se236f/pendulo.jpg?rlkey=tygwp5vra0vwzj79k21nc2i5y&st=5w2lwykb&raw=154,Cadenita 100 + Pendulo + inicial gratis  = 397
Pendu Turquesa verde,100.154,https://www.dropbox.com/scl/fi/gga84zv49rxhmm6se236f/pendulo.jpg?rlkey=tygwp5vra0vwzj79k21nc2i5y&st=5w2lwykb&raw=155,Cadenita 100 + Pendulo + inicial gratis  = 398
Pendu Turquesa azul,100.155,https://www.dropbox.com/scl/fi/gga84zv49rxhmm6se236f/pendulo.jpg?rlkey=tygwp5vra0vwzj79k21nc2i5y&st=5w2lwykb&raw=156,Cadenita 100 + Pendulo + inicial gratis  = 399
Pendu Dorados,100.156,https://www.dropbox.com/scl/fi/gga84zv49rxhmm6se236f/pendulo.jpg?rlkey=tygwp5vra0vwzj79k21nc2i5y&st=5w2lwykb&raw=157,Cadenita 100 + Pendulo + inicial gratis  = 400
Pendu Amarillos,100.157,https://www.dropbox.com/scl/fi/gga84zv49rxhmm6se236f/pendulo.jpg?rlkey=tygwp5vra0vwzj79k21nc2i5y&st=5w2lwykb&raw=158,Cadenita 100 + Pendulo + inicial gratis  = 401
Pendu Plateados,100.158,https://www.dropbox.com/scl/fi/gga84zv49rxhmm6se236f/pendulo.jpg?rlkey=tygwp5vra0vwzj79k21nc2i5y&st=5w2lwykb&raw=159,Cadenita 100 + Pendulo + inicial gratis  = 402
Pendu Coral rojo,100.159,https://www.dropbox.com/scl/fi/gga84zv49rxhmm6se236f/pendulo.jpg?rlkey=tygwp5vra0vwzj79k21nc2i5y&st=5w2lwykb&raw=160,Cadenita 100 + Pendulo + inicial gratis  = 403
Pendu Transparentes,100.160,https://www.dropbox.com/scl/fi/gga84zv49rxhmm6se236f/pendulo.jpg?rlkey=tygwp5vra0vwzj79k21nc2i5y&st=5w2lwykb&raw=161,Cadenita 100 + Pendulo + inicial gratis  = 404
Pendu Venturina café,100.161,https://www.dropbox.com/scl/fi/gga84zv49rxhmm6se236f/pendulo.jpg?rlkey=tygwp5vra0vwzj79k21nc2i5y&st=5w2lwykb&raw=162,Cadenita 100 + Pendulo + inicial gratis  = 405
Pendu Cristal naranja,100.162,https://www.dropbox.com/scl/fi/gga84zv49rxhmm6se236f/pendulo.jpg?rlkey=tygwp5vra0vwzj79k21nc2i5y&st=5w2lwykb&raw=163,Cadenita 100 + Pendulo + inicial gratis  = 406
Pendu Lapislázuli,100.163,https://www.dropbox.com/scl/fi/gga84zv49rxhmm6se236f/pendulo.jpg?rlkey=tygwp5vra0vwzj79k21nc2i5y&st=5w2lwykb&raw=164,Cadenita 100 + Pendulo + inicial gratis  = 407
Pendu Malaquita,100.164,https://www.dropbox.com/scl/fi/gga84zv49rxhmm6se236f/pendulo.jpg?rlkey=tygwp5vra0vwzj79k21nc2i5y&st=5w2lwykb&raw=165,Cadenita 100 + Pendulo + inicial gratis  = 408
Pendu Tornasol,100.165,https://www.dropbox.com/scl/fi/gga84zv49rxhmm6se236f/pendulo.jpg?rlkey=tygwp5vra0vwzj79k21nc2i5y&st=5w2lwykb&raw=166,Cadenita 100 + Pendulo + inicial gratis  = 409
Pendu Jaspe rojo,100.166,https://www.dropbox.com/scl/fi/gga84zv49rxhmm6se236f/pendulo.jpg?rlkey=tygwp5vra0vwzj79k21nc2i5y&st=5w2lwykb&raw=167,Cadenita 100 + Pendulo + inicial gratis  = 410
Pendulos capsula,100.167,https://www.dropbox.com/scl/fi/gga84zv49rxhmm6se236f/pendulo.jpg?rlkey=tygwp5vra0vwzj79k21nc2i5y&st=5w2lwykb&raw=168,Cadenita 100 + Pendulo + inicial gratis  = 411
Cor Flourescentes,100.168,https://www.dropbox.com/scl/fi/gga84zv49rxhmm6se236f/pendulo.jpg?rlkey=tygwp5vra0vwzj79k21nc2i5y&st=5w2lwykb&raw=169,Cadenita 100 + Pendulo + inicial gratis  = 412
Cor Ojitos,100.169,https://www.dropbox.com/scl/fi/gga84zv49rxhmm6se236f/pendulo.jpg?rlkey=tygwp5vra0vwzj79k21nc2i5y&st=5w2lwykb&raw=170,Cadenita 100 + Pendulo + inicial gratis  = 413
Corazon Tornasol,100.170,https://www.dropbox.com/scl/fi/gga84zv49rxhmm6se236f/pendulo.jpg?rlkey=tygwp5vra0vwzj79k21nc2i5y&st=5w2lwykb&raw=171,Cadenita 100 + Pendulo + inicial gratis  = 414
Corazon Lapislázuli,100.171,https://www.dropbox.com/scl/fi/gga84zv49rxhmm6se236f/pendulo.jpg?rlkey=tygwp5vra0vwzj79k21nc2i5y&st=5w2lwykb&raw=172,Cadenita 100 + Pendulo + inicial gratis  = 415
Corazo Malaquita,100.172,https://www.dropbox.com/scl/fi/gga84zv49rxhmm6se236f/pendulo.jpg?rlkey=tygwp5vra0vwzj79k21nc2i5y&st=5w2lwykb&raw=173,Cadenita 100 + Pendulo + inicial gratis  = 416
Corazon Jade,100.173,https://www.dropbox.com/scl/fi/gga84zv49rxhmm6se236f/pendulo.jpg?rlkey=tygwp5vra0vwzj79k21nc2i5y&st=5w2lwykb&raw=174,Cadenita 100 + Pendulo + inicial gratis  = 417
Corazon Amatista,100.174,https://www.dropbox.com/scl/fi/gga84zv49rxhmm6se236f/pendulo.jpg?rlkey=tygwp5vra0vwzj79k21nc2i5y&st=5w2lwykb&raw=175,Cadenita 100 + Pendulo + inicial gratis  = 418
Corazon Turquesa azul,100.175,https://www.dropbox.com/scl/fi/gga84zv49rxhmm6se236f/pendulo.jpg?rlkey=tygwp5vra0vwzj79k21nc2i5y&st=5w2lwykb&raw=176,Cadenita 100 + Pendulo + inicial gratis  = 419
Corazon Turquesa verde,100.176,https://www.dropbox.com/scl/fi/gga84zv49rxhmm6se236f/pendulo.jpg?rlkey=tygwp5vra0vwzj79k21nc2i5y&st=5w2lwykb&raw=177,Cadenita 100 + Pendulo + inicial gratis  = 420
Corazon Cristal,100.177,https://www.dropbox.com/scl/fi/gga84zv49rxhmm6se236f/pendulo.jpg?rlkey=tygwp5vra0vwzj79k21nc2i5y&st=5w2lwykb&raw=178,Cadenita 100 + Pendulo + inicial gratis  = 421
Corazon Blanco,100.178,https://www.dropbox.com/scl/fi/gga84zv49rxhmm6se236f/pendulo.jpg?rlkey=tygwp5vra0vwzj79k21nc2i5y&st=5w2lwykb&raw=179,Cadenita 100 + Pendulo + inicial gratis  = 422
Corazon Obsidiana,100.179,https://www.dropbox.com/scl/fi/gga84zv49rxhmm6se236f/pendulo.jpg?rlkey=tygwp5vra0vwzj79k21nc2i5y&st=5w2lwykb&raw=180,Cadenita 100 + Pendulo + inicial gratis  = 423
Corazon Ojo de tigre,100.180,https://www.dropbox.com/scl/fi/gga84zv49rxhmm6se236f/pendulo.jpg?rlkey=tygwp5vra0vwzj79k21nc2i5y&st=5w2lwykb&raw=181,Cadenita 100 + Pendulo + inicial gratis  = 424
Corazon Blanco marmoleado,100.181,https://www.dropbox.com/scl/fi/gga84zv49rxhmm6se236f/pendulo.jpg?rlkey=tygwp5vra0vwzj79k21nc2i5y&st=5w2lwykb&raw=182,Cadenita 100 + Pendulo + inicial gratis  = 425
Corazon Cristal verde,100.182,https://www.dropbox.com/scl/fi/gga84zv49rxhmm6se236f/pendulo.jpg?rlkey=tygwp5vra0vwzj79k21nc2i5y&st=5w2lwykb&raw=183,Cadenita 100 + Pendulo + inicial gratis  = 426
Engarzadas,100.183,https://www.dropbox.com/scl/fi/gga84zv49rxhmm6se236f/pendulo.jpg?rlkey=tygwp5vra0vwzj79k21nc2i5y&st=5w2lwykb&raw=184,Cadenita 100 + Pendulo + inicial gratis  = 427
Cuarzo Citrino,100.184,https://www.dropbox.com/scl/fi/gga84zv49rxhmm6se236f/pendulo.jpg?rlkey=tygwp5vra0vwzj79k21nc2i5y&st=5w2lwykb&raw=185,Cadenita 100 + Pendulo + inicial gratis  = 428
Cuarzo Jade,100.185,https://www.dropbox.com/scl/fi/gga84zv49rxhmm6se236f/pendulo.jpg?rlkey=tygwp5vra0vwzj79k21nc2i5y&st=5w2lwykb&raw=186,Cadenita 100 + Pendulo + inicial gratis  = 429
perlitas,100.186,https://www.dropbox.com/scl/fi/gga84zv49rxhmm6se236f/pendulo.jpg?rlkey=tygwp5vra0vwzj79k21nc2i5y&st=5w2lwykb&raw=187,Cadenita 100 + Pendulo + inicial gratis  = 430
Cubitos,100.187,https://www.dropbox.com/scl/fi/gga84zv49rxhmm6se236f/pendulo.jpg?rlkey=tygwp5vra0vwzj79k21nc2i5y&st=5w2lwykb&raw=188,Cadenita 100 + Pendulo + inicial gratis  = 431
Gotitas,100.188,https://www.dropbox.com/scl/fi/gga84zv49rxhmm6se236f/pendulo.jpg?rlkey=tygwp5vra0vwzj79k21nc2i5y&st=5w2lwykb&raw=189,Cadenita 100 + Pendulo + inicial gratis  = 432
Facetados,100.189,https://www.dropbox.com/scl/fi/gga84zv49rxhmm6se236f/pendulo.jpg?rlkey=tygwp5vra0vwzj79k21nc2i5y&st=5w2lwykb&raw=190,Cadenita 100 + Pendulo + inicial gratis  = 433
Skunk brand,100.190,https://www.dropbox.com/scl/fi/gga84zv49rxhmm6se236f/pendulo.jpg?rlkey=tygwp5vra0vwzj79k21nc2i5y&st=5w2lwykb&raw=191,Cadenita 100 + Pendulo + inicial gratis  = 434
Blunt Uva,100.191,https://www.dropbox.com/scl/fi/gga84zv49rxhmm6se236f/pendulo.jpg?rlkey=tygwp5vra0vwzj79k21nc2i5y&st=5w2lwykb&raw=192,Cadenita 100 + Pendulo + inicial gratis  = 435
Blunt cereza,100.192,https://www.dropbox.com/scl/fi/gga84zv49rxhmm6se236f/pendulo.jpg?rlkey=tygwp5vra0vwzj79k21nc2i5y&st=5w2lwykb&raw=193,Cadenita 100 + Pendulo + inicial gratis  = 436
Blunt Limon,100.193,https://www.dropbox.com/scl/fi/gga84zv49rxhmm6se236f/pendulo.jpg?rlkey=tygwp5vra0vwzj79k21nc2i5y&st=5w2lwykb&raw=194,Cadenita 100 + Pendulo + inicial gratis  = 437
Blunt Mango,100.194,https://www.dropbox.com/scl/fi/gga84zv49rxhmm6se236f/pendulo.jpg?rlkey=tygwp5vra0vwzj79k21nc2i5y&st=5w2lwykb&raw=195,Cadenita 100 + Pendulo + inicial gratis  = 438
Blunt Platinum,100.195,https://www.dropbox.com/scl/fi/gga84zv49rxhmm6se236f/pendulo.jpg?rlkey=tygwp5vra0vwzj79k21nc2i5y&st=5w2lwykb&raw=196,Cadenita 100 + Pendulo + inicial gratis  = 439
Blunt  bubblegum,100.196,https://www.dropbox.com/scl/fi/gga84zv49rxhmm6se236f/pendulo.jpg?rlkey=tygwp5vra0vwzj79k21nc2i5y&st=5w2lwykb&raw=197,Cadenita 100 + Pendulo + inicial gratis  = 440
Blunt mojito,100.197,https://www.dropbox.com/scl/fi/gga84zv49rxhmm6se236f/pendulo.jpg?rlkey=tygwp5vra0vwzj79k21nc2i5y&st=5w2lwykb&raw=198,Cadenita 100 + Pendulo + inicial gratis  = 441
Blunt strawberry kiwi,100.198,https://www.dropbox.com/scl/fi/gga84zv49rxhmm6se236f/pendulo.jpg?rlkey=tygwp5vra0vwzj79k21nc2i5y&st=5w2lwykb&raw=199,Cadenita 100 + Pendulo + inicial gratis  = 442
Blunt Blueberrie,100.199,https://www.dropbox.com/scl/fi/gga84zv49rxhmm6se236f/pendulo.jpg?rlkey=tygwp5vra0vwzj79k21nc2i5y&st=5w2lwykb&raw=200,Cadenita 100 + Pendulo + inicial gratis  = 443
Blunt cookies & cream,100.200,https://www.dropbox.com/scl/fi/gga84zv49rxhmm6se236f/pendulo.jpg?rlkey=tygwp5vra0vwzj79k21nc2i5y&st=5w2lwykb&raw=201,Cadenita 100 + Pendulo + inicial gratis  = 444
Blunt cherry,100.201,https://www.dropbox.com/scl/fi/gga84zv49rxhmm6se236f/pendulo.jpg?rlkey=tygwp5vra0vwzj79k21nc2i5y&st=5w2lwykb&raw=202,Cadenita 100 + Pendulo + inicial gratis  = 445
Blunt purple,100.202,https://www.dropbox.com/scl/fi/gga84zv49rxhmm6se236f/pendulo.jpg?rlkey=tygwp5vra0vwzj79k21nc2i5y&st=5w2lwykb&raw=203,Cadenita 100 + Pendulo + inicial gratis  = 446
Blunt berries,100.203,https://www.dropbox.com/scl/fi/gga84zv49rxhmm6se236f/pendulo.jpg?rlkey=tygwp5vra0vwzj79k21nc2i5y&st=5w2lwykb&raw=204,Cadenita 100 + Pendulo + inicial gratis  = 447
Canala Smoke red,100.204,https://www.dropbox.com/scl/fi/gga84zv49rxhmm6se236f/pendulo.jpg?rlkey=tygwp5vra0vwzj79k21nc2i5y&st=5w2lwykb&raw=205,Cadenita 100 + Pendulo + inicial gratis  = 448
Canala Smoking thinnest,100.205,https://www.dropbox.com/scl/fi/gga84zv49rxhmm6se236f/pendulo.jpg?rlkey=tygwp5vra0vwzj79k21nc2i5y&st=5w2lwykb&raw=206,Cadenita 100 + Pendulo + inicial gratis  = 449
CanalaLady relax,100.206,https://www.dropbox.com/scl/fi/gga84zv49rxhmm6se236f/pendulo.jpg?rlkey=tygwp5vra0vwzj79k21nc2i5y&st=5w2lwykb&raw=207,Cadenita 100 + Pendulo + inicial gratis  = 450
CanalaOCB azul,100.207,https://www.dropbox.com/scl/fi/gga84zv49rxhmm6se236f/pendulo.jpg?rlkey=tygwp5vra0vwzj79k21nc2i5y&st=5w2lwykb&raw=208,Cadenita 100 + Pendulo + inicial gratis  = 451
Canala Clipper black,100.208,https://www.dropbox.com/scl/fi/gga84zv49rxhmm6se236f/pendulo.jpg?rlkey=tygwp5vra0vwzj79k21nc2i5y&st=5w2lwykb&raw=209,Cadenita 100 + Pendulo + inicial gratis  = 452
Canala Clipper,100.209,https://www.dropbox.com/scl/fi/gga84zv49rxhmm6se236f/pendulo.jpg?rlkey=tygwp5vra0vwzj79k21nc2i5y&st=5w2lwykb&raw=210,Cadenita 100 + Pendulo + inicial gratis  = 453
Canala The bulldog red,100.210,https://www.dropbox.com/scl/fi/gga84zv49rxhmm6se236f/pendulo.jpg?rlkey=tygwp5vra0vwzj79k21nc2i5y&st=5w2lwykb&raw=211,Cadenita 100 + Pendulo + inicial gratis  = 454
Canala smoking brown,100.211,https://www.dropbox.com/scl/fi/gga84zv49rxhmm6se236f/pendulo.jpg?rlkey=tygwp5vra0vwzj79k21nc2i5y&st=5w2lwykb&raw=212,Cadenita 100 + Pendulo + inicial gratis  = 455
Canal Fumanchú,100.212,https://www.dropbox.com/scl/fi/gga84zv49rxhmm6se236f/pendulo.jpg?rlkey=tygwp5vra0vwzj79k21nc2i5y&st=5w2lwykb&raw=213,Cadenita 100 + Pendulo + inicial gratis  = 456
Canala gum & mint,100.213,https://www.dropbox.com/scl/fi/gga84zv49rxhmm6se236f/pendulo.jpg?rlkey=tygwp5vra0vwzj79k21nc2i5y&st=5w2lwykb&raw=214,Cadenita 100 + Pendulo + inicial gratis  = 457
Canala frambuesa,100.214,https://www.dropbox.com/scl/fi/gga84zv49rxhmm6se236f/pendulo.jpg?rlkey=tygwp5vra0vwzj79k21nc2i5y&st=5w2lwykb&raw=215,Cadenita 100 + Pendulo + inicial gratis  = 458
Canala bubblegum,100.215,https://www.dropbox.com/scl/fi/gga84zv49rxhmm6se236f/pendulo.jpg?rlkey=tygwp5vra0vwzj79k21nc2i5y&st=5w2lwykb&raw=216,Cadenita 100 + Pendulo + inicial gratis  = 459
Canala mango papaya,100.216,https://www.dropbox.com/scl/fi/gga84zv49rxhmm6se236f/pendulo.jpg?rlkey=tygwp5vra0vwzj79k21nc2i5y&st=5w2lwykb&raw=217,Cadenita 100 + Pendulo + inicial gratis  = 460
Canala green apple,100.217,https://www.dropbox.com/scl/fi/gga84zv49rxhmm6se236f/pendulo.jpg?rlkey=tygwp5vra0vwzj79k21nc2i5y&st=5w2lwykb&raw=218,Cadenita 100 + Pendulo + inicial gratis  = 461
Canala Alien puff,100.218,https://www.dropbox.com/scl/fi/gga84zv49rxhmm6se236f/pendulo.jpg?rlkey=tygwp5vra0vwzj79k21nc2i5y&st=5w2lwykb&raw=219,Cadenita 100 + Pendulo + inicial gratis  = 462
Canala King palm,100.219,https://www.dropbox.com/scl/fi/gga84zv49rxhmm6se236f/pendulo.jpg?rlkey=tygwp5vra0vwzj79k21nc2i5y&st=5w2lwykb&raw=220,Cadenita 100 + Pendulo + inicial gratis  = 463
Canala Lady hornet,100.220,https://www.dropbox.com/scl/fi/gga84zv49rxhmm6se236f/pendulo.jpg?rlkey=tygwp5vra0vwzj79k21nc2i5y&st=5w2lwykb&raw=221,Cadenita 100 + Pendulo + inicial gratis  = 464
Canala Mantra,100.221,https://www.dropbox.com/scl/fi/gga84zv49rxhmm6se236f/pendulo.jpg?rlkey=tygwp5vra0vwzj79k21nc2i5y&st=5w2lwykb&raw=222,Cadenita 100 + Pendulo + inicial gratis  = 465
Canala Pure hemp,100.222,https://www.dropbox.com/scl/fi/gga84zv49rxhmm6se236f/pendulo.jpg?rlkey=tygwp5vra0vwzj79k21nc2i5y&st=5w2lwykb&raw=223,Cadenita 100 + Pendulo + inicial gratis  = 466
Canala Mantra chora,100.223,https://www.dropbox.com/scl/fi/gga84zv49rxhmm6se236f/pendulo.jpg?rlkey=tygwp5vra0vwzj79k21nc2i5y&st=5w2lwykb&raw=224,Cadenita 100 + Pendulo + inicial gratis  = 467
Smoke brown con filtros,100.224,https://www.dropbox.com/scl/fi/gga84zv49rxhmm6se236f/pendulo.jpg?rlkey=tygwp5vra0vwzj79k21nc2i5y&st=5w2lwykb&raw=225,Cadenita 100 + Pendulo + inicial gratis  = 468
Gorilla rolling con filtros,100.225,https://www.dropbox.com/scl/fi/gga84zv49rxhmm6se236f/pendulo.jpg?rlkey=tygwp5vra0vwzj79k21nc2i5y&st=5w2lwykb&raw=226,Cadenita 100 + Pendulo + inicial gratis  = 469
alien puff con filtros,100.226,https://www.dropbox.com/scl/fi/gga84zv49rxhmm6se236f/pendulo.jpg?rlkey=tygwp5vra0vwzj79k21nc2i5y&st=5w2lwykb&raw=227,Cadenita 100 + Pendulo + inicial gratis  = 470
alien go con filtros,100.227,https://www.dropbox.com/scl/fi/gga84zv49rxhmm6se236f/pendulo.jpg?rlkey=tygwp5vra0vwzj79k21nc2i5y&st=5w2lwykb&raw=228,Cadenita 100 + Pendulo + inicial gratis  = 471
Rolling circus chicas,100.228,https://www.dropbox.com/scl/fi/gga84zv49rxhmm6se236f/pendulo.jpg?rlkey=tygwp5vra0vwzj79k21nc2i5y&st=5w2lwykb&raw=229,Cadenita 100 + Pendulo + inicial gratis  = 472
Rolling circus grandes,100.229,https://www.dropbox.com/scl/fi/gga84zv49rxhmm6se236f/pendulo.jpg?rlkey=tygwp5vra0vwzj79k21nc2i5y&st=5w2lwykb&raw=230,Cadenita 100 + Pendulo + inicial gratis  = 473
Pipa Hueso Grande,100.230,https://www.dropbox.com/scl/fi/gga84zv49rxhmm6se236f/pendulo.jpg?rlkey=tygwp5vra0vwzj79k21nc2i5y&st=5w2lwykb&raw=231,Cadenita 100 + Pendulo + inicial gratis  = 474
Pipa Madera mini,100.231,https://www.dropbox.com/scl/fi/gga84zv49rxhmm6se236f/pendulo.jpg?rlkey=tygwp5vra0vwzj79k21nc2i5y&st=5w2lwykb&raw=232,Cadenita 100 + Pendulo + inicial gratis  = 475
Pipa Aluminio 250,100.232,https://www.dropbox.com/scl/fi/gga84zv49rxhmm6se236f/pendulo.jpg?rlkey=tygwp5vra0vwzj79k21nc2i5y&st=5w2lwykb&raw=233,Cadenita 100 + Pendulo + inicial gratis  = 476
Pipa madera 200,100.233,https://www.dropbox.com/scl/fi/gga84zv49rxhmm6se236f/pendulo.jpg?rlkey=tygwp5vra0vwzj79k21nc2i5y&st=5w2lwykb&raw=234,Cadenita 100 + Pendulo + inicial gratis  = 477
Pipa onix pequeñas,100.234,https://www.dropbox.com/scl/fi/gga84zv49rxhmm6se236f/pendulo.jpg?rlkey=tygwp5vra0vwzj79k21nc2i5y&st=5w2lwykb&raw=235,Cadenita 100 + Pendulo + inicial gratis  = 478
Pipa Onix pescao,100.235,https://www.dropbox.com/scl/fi/gga84zv49rxhmm6se236f/pendulo.jpg?rlkey=tygwp5vra0vwzj79k21nc2i5y&st=5w2lwykb&raw=236,Cadenita 100 + Pendulo + inicial gratis  = 479
Pipa Santa Muerte,100.236,https://www.dropbox.com/scl/fi/gga84zv49rxhmm6se236f/pendulo.jpg?rlkey=tygwp5vra0vwzj79k21nc2i5y&st=5w2lwykb&raw=237,Cadenita 100 + Pendulo + inicial gratis  = 480
Pipa Aluminio con diseño,100.237,https://www.dropbox.com/scl/fi/gga84zv49rxhmm6se236f/pendulo.jpg?rlkey=tygwp5vra0vwzj79k21nc2i5y&st=5w2lwykb&raw=238,Cadenita 100 + Pendulo + inicial gratis  = 481
hitter Aluminio,100.238,https://www.dropbox.com/scl/fi/gga84zv49rxhmm6se236f/pendulo.jpg?rlkey=tygwp5vra0vwzj79k21nc2i5y&st=5w2lwykb&raw=239,Cadenita 100 + Pendulo + inicial gratis  = 482
hitter aluminio c chupon,100.239,https://www.dropbox.com/scl/fi/gga84zv49rxhmm6se236f/pendulo.jpg?rlkey=tygwp5vra0vwzj79k21nc2i5y&st=5w2lwykb&raw=240,Cadenita 100 + Pendulo + inicial gratis  = 483
Cigarro,100.240,https://www.dropbox.com/scl/fi/gga84zv49rxhmm6se236f/pendulo.jpg?rlkey=tygwp5vra0vwzj79k21nc2i5y&st=5w2lwykb&raw=241,Cadenita 100 + Pendulo + inicial gratis  = 484
Encendedores clipper,100.241,https://www.dropbox.com/scl/fi/gga84zv49rxhmm6se236f/pendulo.jpg?rlkey=tygwp5vra0vwzj79k21nc2i5y&st=5w2lwykb&raw=242,Cadenita 100 + Pendulo + inicial gratis  = 485
contenedores de wax,100.242,https://www.dropbox.com/scl/fi/gga84zv49rxhmm6se236f/pendulo.jpg?rlkey=tygwp5vra0vwzj79k21nc2i5y&st=5w2lwykb&raw=243,Cadenita 100 + Pendulo + inicial gratis  = 486
Cartucho CBD Straw,100.243,https://www.dropbox.com/scl/fi/gga84zv49rxhmm6se236f/pendulo.jpg?rlkey=tygwp5vra0vwzj79k21nc2i5y&st=5w2lwykb&raw=244,Cadenita 100 + Pendulo + inicial gratis  = 487
Grinder 350,100.244,https://www.dropbox.com/scl/fi/gga84zv49rxhmm6se236f/pendulo.jpg?rlkey=tygwp5vra0vwzj79k21nc2i5y&st=5w2lwykb&raw=245,Cadenita 100 + Pendulo + inicial gratis  = 488
Grinder 550,100.245,https://www.dropbox.com/scl/fi/gga84zv49rxhmm6se236f/pendulo.jpg?rlkey=tygwp5vra0vwzj79k21nc2i5y&st=5w2lwykb&raw=246,Cadenita 100 + Pendulo + inicial gratis  = 489
Grinder chuky,100.246,https://www.dropbox.com/scl/fi/gga84zv49rxhmm6se236f/pendulo.jpg?rlkey=tygwp5vra0vwzj79k21nc2i5y&st=5w2lwykb&raw=247,Cadenita 100 + Pendulo + inicial gratis  = 490
grinders 150 plastico,100.247,https://www.dropbox.com/scl/fi/gga84zv49rxhmm6se236f/pendulo.jpg?rlkey=tygwp5vra0vwzj79k21nc2i5y&st=5w2lwykb&raw=248,Cadenita 100 + Pendulo + inicial gratis  = 491
vape,100.248,https://www.dropbox.com/scl/fi/gga84zv49rxhmm6se236f/pendulo.jpg?rlkey=tygwp5vra0vwzj79k21nc2i5y&st=5w2lwykb&raw=249,Cadenita 100 + Pendulo + inicial gratis  = 492
bang max,100.249,https://www.dropbox.com/scl/fi/gga84zv49rxhmm6se236f/pendulo.jpg?rlkey=tygwp5vra0vwzj79k21nc2i5y&st=5w2lwykb&raw=250,Cadenita 100 + Pendulo + inicial gratis  = 493
anillo Acero inoxidable 450,100.250,https://www.dropbox.com/scl/fi/gga84zv49rxhmm6se236f/pendulo.jpg?rlkey=tygwp5vra0vwzj79k21nc2i5y&st=5w2lwykb&raw=251,Cadenita 100 + Pendulo + inicial gratis  = 494
Anillo $250,100.251,https://www.dropbox.com/scl/fi/gga84zv49rxhmm6se236f/pendulo.jpg?rlkey=tygwp5vra0vwzj79k21nc2i5y&st=5w2lwykb&raw=252,Cadenita 100 + Pendulo + inicial gratis  = 495
Anillo Piedrita 250,100.252,https://www.dropbox.com/scl/fi/gga84zv49rxhmm6se236f/pendulo.jpg?rlkey=tygwp5vra0vwzj79k21nc2i5y&st=5w2lwykb&raw=253,Cadenita 100 + Pendulo + inicial gratis  = 496
Anillo Dorados con azul 250,100.253,https://www.dropbox.com/scl/fi/gga84zv49rxhmm6se236f/pendulo.jpg?rlkey=tygwp5vra0vwzj79k21nc2i5y&st=5w2lwykb&raw=254,Cadenita 100 + Pendulo + inicial gratis  = 497
Anillo Grecas 250,100.254,https://www.dropbox.com/scl/fi/gga84zv49rxhmm6se236f/pendulo.jpg?rlkey=tygwp5vra0vwzj79k21nc2i5y&st=5w2lwykb&raw=255,Cadenita 100 + Pendulo + inicial gratis  = 498
Anillo Cadena 250,100.255,https://www.dropbox.com/scl/fi/gga84zv49rxhmm6se236f/pendulo.jpg?rlkey=tygwp5vra0vwzj79k21nc2i5y&st=5w2lwykb&raw=256,Cadenita 100 + Pendulo + inicial gratis  = 499
Anillo Cuarzo 250,100.256,https://www.dropbox.com/scl/fi/gga84zv49rxhmm6se236f/pendulo.jpg?rlkey=tygwp5vra0vwzj79k21nc2i5y&st=5w2lwykb&raw=257,Cadenita 100 + Pendulo + inicial gratis  = 500
Anillo Cromado 250,100.257,https://www.dropbox.com/scl/fi/gga84zv49rxhmm6se236f/pendulo.jpg?rlkey=tygwp5vra0vwzj79k21nc2i5y&st=5w2lwykb&raw=258,Cadenita 100 + Pendulo + inicial gratis  = 501
Anillo Ojo turco grande 250,100.258,https://www.dropbox.com/scl/fi/gga84zv49rxhmm6se236f/pendulo.jpg?rlkey=tygwp5vra0vwzj79k21nc2i5y&st=5w2lwykb&raw=259,Cadenita 100 + Pendulo + inicial gratis  = 502
Anillo Labradorita 250,100.259,https://www.dropbox.com/scl/fi/gga84zv49rxhmm6se236f/pendulo.jpg?rlkey=tygwp5vra0vwzj79k21nc2i5y&st=5w2lwykb&raw=260,Cadenita 100 + Pendulo + inicial gratis  = 503
Anillo Plateado corazon 150,100.260,https://www.dropbox.com/scl/fi/gga84zv49rxhmm6se236f/pendulo.jpg?rlkey=tygwp5vra0vwzj79k21nc2i5y&st=5w2lwykb&raw=261,Cadenita 100 + Pendulo + inicial gratis  = 504
Anillo Dora f/ojo turco 150,100.261,https://www.dropbox.com/scl/fi/gga84zv49rxhmm6se236f/pendulo.jpg?rlkey=tygwp5vra0vwzj79k21nc2i5y&st=5w2lwykb&raw=262,Cadenita 100 + Pendulo + inicial gratis  = 505
Anillo Variado 150,100.262,https://www.dropbox.com/scl/fi/gga84zv49rxhmm6se236f/pendulo.jpg?rlkey=tygwp5vra0vwzj79k21nc2i5y&st=5w2lwykb&raw=263,Cadenita 100 + Pendulo + inicial gratis  = 506
Anillo Piedrita 150,100.263,https://www.dropbox.com/scl/fi/gga84zv49rxhmm6se236f/pendulo.jpg?rlkey=tygwp5vra0vwzj79k21nc2i5y&st=5w2lwykb&raw=264,Cadenita 100 + Pendulo + inicial gratis  = 507
Anillo Destapadores 150 rojo,100.264,https://www.dropbox.com/scl/fi/gga84zv49rxhmm6se236f/pendulo.jpg?rlkey=tygwp5vra0vwzj79k21nc2i5y&st=5w2lwykb&raw=265,Cadenita 100 + Pendulo + inicial gratis  = 508
Anillo Gatito 150,100.265,https://www.dropbox.com/scl/fi/gga84zv49rxhmm6se236f/pendulo.jpg?rlkey=tygwp5vra0vwzj79k21nc2i5y&st=5w2lwykb&raw=266,Cadenita 100 + Pendulo + inicial gratis  = 509
Anillo Animalitos crom 150,100.266,https://www.dropbox.com/scl/fi/gga84zv49rxhmm6se236f/pendulo.jpg?rlkey=tygwp5vra0vwzj79k21nc2i5y&st=5w2lwykb&raw=267,Cadenita 100 + Pendulo + inicial gratis  = 510
Anillo Pares corazón 150,100.267,https://www.dropbox.com/scl/fi/gga84zv49rxhmm6se236f/pendulo.jpg?rlkey=tygwp5vra0vwzj79k21nc2i5y&st=5w2lwykb&raw=268,Cadenita 100 + Pendulo + inicial gratis  = 511
Anillo Humor 150,100.268,https://www.dropbox.com/scl/fi/gga84zv49rxhmm6se236f/pendulo.jpg?rlkey=tygwp5vra0vwzj79k21nc2i5y&st=5w2lwykb&raw=269,Cadenita 100 + Pendulo + inicial gratis  = 512
Anillo Cuarzo pequeño 150,100.269,https://www.dropbox.com/scl/fi/gga84zv49rxhmm6se236f/pendulo.jpg?rlkey=tygwp5vra0vwzj79k21nc2i5y&st=5w2lwykb&raw=270,Cadenita 100 + Pendulo + inicial gratis  = 513
Anillo Nudo de bruja 150,100.270,https://www.dropbox.com/scl/fi/gga84zv49rxhmm6se236f/pendulo.jpg?rlkey=tygwp5vra0vwzj79k21nc2i5y&st=5w2lwykb&raw=271,Cadenita 100 + Pendulo + inicial gratis  = 514
Anillo Piedritas colores 150,100.271,https://www.dropbox.com/scl/fi/gga84zv49rxhmm6se236f/pendulo.jpg?rlkey=tygwp5vra0vwzj79k21nc2i5y&st=5w2lwykb&raw=272,Cadenita 100 + Pendulo + inicial gratis  = 515
Anillo Ojito delgado 150,100.272,https://www.dropbox.com/scl/fi/gga84zv49rxhmm6se236f/pendulo.jpg?rlkey=tygwp5vra0vwzj79k21nc2i5y&st=5w2lwykb&raw=273,Cadenita 100 + Pendulo + inicial gratis  = 516
Anillo Negro 150,100.273,https://www.dropbox.com/scl/fi/gga84zv49rxhmm6se236f/pendulo.jpg?rlkey=tygwp5vra0vwzj79k21nc2i5y&st=5w2lwykb&raw=274,Cadenita 100 + Pendulo + inicial gratis  = 517
Anillo Plateado liso 150,100.274,https://www.dropbox.com/scl/fi/gga84zv49rxhmm6se236f/pendulo.jpg?rlkey=tygwp5vra0vwzj79k21nc2i5y&st=5w2lwykb&raw=275,Cadenita 100 + Pendulo + inicial gratis  = 518
Anillo Plateado figura 150,100.275,https://www.dropbox.com/scl/fi/gga84zv49rxhmm6se236f/pendulo.jpg?rlkey=tygwp5vra0vwzj79k21nc2i5y&st=5w2lwykb&raw=276,Cadenita 100 + Pendulo + inicial gratis  = 519
Anillos variados 100,100.276,https://www.dropbox.com/scl/fi/gga84zv49rxhmm6se236f/pendulo.jpg?rlkey=tygwp5vra0vwzj79k21nc2i5y&st=5w2lwykb&raw=277,Cadenita 100 + Pendulo + inicial gratis  = 520
Anillo Figuras kawai 100,100.277,https://www.dropbox.com/scl/fi/gga84zv49rxhmm6se236f/pendulo.jpg?rlkey=tygwp5vra0vwzj79k21nc2i5y&st=5w2lwykb&raw=278,Cadenita 100 + Pendulo + inicial gratis  = 521
Anillo resina 100,100.278,https://www.dropbox.com/scl/fi/gga84zv49rxhmm6se236f/pendulo.jpg?rlkey=tygwp5vra0vwzj79k21nc2i5y&st=5w2lwykb&raw=279,Cadenita 100 + Pendulo + inicial gratis  = 522
Anillo Alpaca 50,100.279,https://www.dropbox.com/scl/fi/gga84zv49rxhmm6se236f/pendulo.jpg?rlkey=tygwp5vra0vwzj79k21nc2i5y&st=5w2lwykb&raw=280,Cadenita 100 + Pendulo + inicial gratis  = 523
Anillo Plástico 50,100.280,https://www.dropbox.com/scl/fi/gga84zv49rxhmm6se236f/pendulo.jpg?rlkey=tygwp5vra0vwzj79k21nc2i5y&st=5w2lwykb&raw=281,Cadenita 100 + Pendulo + inicial gratis  = 524
Llavero 150,100.281,https://www.dropbox.com/scl/fi/gga84zv49rxhmm6se236f/pendulo.jpg?rlkey=tygwp5vra0vwzj79k21nc2i5y&st=5w2lwykb&raw=282,Cadenita 100 + Pendulo + inicial gratis  = 525
Llavero promo,100.282,https://www.dropbox.com/scl/fi/gga84zv49rxhmm6se236f/pendulo.jpg?rlkey=tygwp5vra0vwzj79k21nc2i5y&st=5w2lwykb&raw=283,Cadenita 100 + Pendulo + inicial gratis  = 526
Llavero peluche,100.283,https://www.dropbox.com/scl/fi/gga84zv49rxhmm6se236f/pendulo.jpg?rlkey=tygwp5vra0vwzj79k21nc2i5y&st=5w2lwykb&raw=284,Cadenita 100 + Pendulo + inicial gratis  = 527
Llavero monederos,100.284,https://www.dropbox.com/scl/fi/gga84zv49rxhmm6se236f/pendulo.jpg?rlkey=tygwp5vra0vwzj79k21nc2i5y&st=5w2lwykb&raw=285,Cadenita 100 + Pendulo + inicial gratis  = 528
Llavero espejo,100.285,https://www.dropbox.com/scl/fi/gga84zv49rxhmm6se236f/pendulo.jpg?rlkey=tygwp5vra0vwzj79k21nc2i5y&st=5w2lwykb&raw=286,Cadenita 100 + Pendulo + inicial gratis  = 529
Llavero monedero,100.286,https://www.dropbox.com/scl/fi/gga84zv49rxhmm6se236f/pendulo.jpg?rlkey=tygwp5vra0vwzj79k21nc2i5y&st=5w2lwykb&raw=287,Cadenita 100 + Pendulo + inicial gratis  = 530
Muñecos,100.287,https://www.dropbox.com/scl/fi/gga84zv49rxhmm6se236f/pendulo.jpg?rlkey=tygwp5vra0vwzj79k21nc2i5y&st=5w2lwykb&raw=288,Cadenita 100 + Pendulo + inicial gratis  = 531
Chukys,100.288,https://www.dropbox.com/scl/fi/gga84zv49rxhmm6se236f/pendulo.jpg?rlkey=tygwp5vra0vwzj79k21nc2i5y&st=5w2lwykb&raw=289,Cadenita 100 + Pendulo + inicial gratis  = 532
Chukys bueno,100.289,https://www.dropbox.com/scl/fi/gga84zv49rxhmm6se236f/pendulo.jpg?rlkey=tygwp5vra0vwzj79k21nc2i5y&st=5w2lwykb&raw=290,Cadenita 100 + Pendulo + inicial gratis  = 533
Tiffany,100.290,https://www.dropbox.com/scl/fi/gga84zv49rxhmm6se236f/pendulo.jpg?rlkey=tygwp5vra0vwzj79k21nc2i5y&st=5w2lwykb&raw=291,Cadenita 100 + Pendulo + inicial gratis  = 534
Merlina,100.291,https://www.dropbox.com/scl/fi/gga84zv49rxhmm6se236f/pendulo.jpg?rlkey=tygwp5vra0vwzj79k21nc2i5y&st=5w2lwykb&raw=292,Cadenita 100 + Pendulo + inicial gratis  = 535
Merlina vestido,100.292,https://www.dropbox.com/scl/fi/gga84zv49rxhmm6se236f/pendulo.jpg?rlkey=tygwp5vra0vwzj79k21nc2i5y&st=5w2lwykb&raw=293,Cadenita 100 + Pendulo + inicial gratis  = 536
Merlina barbie,100.293,https://www.dropbox.com/scl/fi/gga84zv49rxhmm6se236f/pendulo.jpg?rlkey=tygwp5vra0vwzj79k21nc2i5y&st=5w2lwykb&raw=294,Cadenita 100 + Pendulo + inicial gratis  = 537
barbie ladybug,100.294,https://www.dropbox.com/scl/fi/gga84zv49rxhmm6se236f/pendulo.jpg?rlkey=tygwp5vra0vwzj79k21nc2i5y&st=5w2lwykb&raw=295,Cadenita 100 + Pendulo + inicial gratis  = 538
sid toy story,100.295,https://www.dropbox.com/scl/fi/gga84zv49rxhmm6se236f/pendulo.jpg?rlkey=tygwp5vra0vwzj79k21nc2i5y&st=5w2lwykb&raw=296,Cadenita 100 + Pendulo + inicial gratis  = 539
Maléfica,100.296,https://www.dropbox.com/scl/fi/gga84zv49rxhmm6se236f/pendulo.jpg?rlkey=tygwp5vra0vwzj79k21nc2i5y&st=5w2lwykb&raw=297,Cadenita 100 + Pendulo + inicial gratis  = 540
Saw,100.297,https://www.dropbox.com/scl/fi/gga84zv49rxhmm6se236f/pendulo.jpg?rlkey=tygwp5vra0vwzj79k21nc2i5y&st=5w2lwykb&raw=298,Cadenita 100 + Pendulo + inicial gratis  = 541
Sonic,100.298,https://www.dropbox.com/scl/fi/gga84zv49rxhmm6se236f/pendulo.jpg?rlkey=tygwp5vra0vwzj79k21nc2i5y&st=5w2lwykb&raw=299,Cadenita 100 + Pendulo + inicial gratis  = 542
Saw peluche,100.299,https://www.dropbox.com/scl/fi/gga84zv49rxhmm6se236f/pendulo.jpg?rlkey=tygwp5vra0vwzj79k21nc2i5y&st=5w2lwykb&raw=300,Cadenita 100 + Pendulo + inicial gratis  = 543
Oso zombie,100.300,https://www.dropbox.com/scl/fi/gga84zv49rxhmm6se236f/pendulo.jpg?rlkey=tygwp5vra0vwzj79k21nc2i5y&st=5w2lwykb&raw=301,Cadenita 100 + Pendulo + inicial gratis  = 544
Jacks,100.301,https://www.dropbox.com/scl/fi/gga84zv49rxhmm6se236f/pendulo.jpg?rlkey=tygwp5vra0vwzj79k21nc2i5y&st=5w2lwykb&raw=302,Cadenita 100 + Pendulo + inicial gratis  = 545
Sally,100.302,https://www.dropbox.com/scl/fi/gga84zv49rxhmm6se236f/pendulo.jpg?rlkey=tygwp5vra0vwzj79k21nc2i5y&st=5w2lwykb&raw=303,Cadenita 100 + Pendulo + inicial gratis  = 546
Sally crochet,100.303,https://www.dropbox.com/scl/fi/gga84zv49rxhmm6se236f/pendulo.jpg?rlkey=tygwp5vra0vwzj79k21nc2i5y&st=5w2lwykb&raw=304,Cadenita 100 + Pendulo + inicial gratis  = 547
Alicias,100.304,https://www.dropbox.com/scl/fi/gga84zv49rxhmm6se236f/pendulo.jpg?rlkey=tygwp5vra0vwzj79k21nc2i5y&st=5w2lwykb&raw=305,Cadenita 100 + Pendulo + inicial gratis  = 548
Conejo alicia,100.305,https://www.dropbox.com/scl/fi/gga84zv49rxhmm6se236f/pendulo.jpg?rlkey=tygwp5vra0vwzj79k21nc2i5y&st=5w2lwykb&raw=306,Cadenita 100 + Pendulo + inicial gratis  = 549
Coraline,100.306,https://www.dropbox.com/scl/fi/gga84zv49rxhmm6se236f/pendulo.jpg?rlkey=tygwp5vra0vwzj79k21nc2i5y&st=5w2lwykb&raw=307,Cadenita 100 + Pendulo + inicial gratis  = 550
Wavy,100.307,https://www.dropbox.com/scl/fi/gga84zv49rxhmm6se236f/pendulo.jpg?rlkey=tygwp5vra0vwzj79k21nc2i5y&st=5w2lwykb&raw=308,Cadenita 100 + Pendulo + inicial gratis  = 551
Bobiensky,100.308,https://www.dropbox.com/scl/fi/gga84zv49rxhmm6se236f/pendulo.jpg?rlkey=tygwp5vra0vwzj79k21nc2i5y&st=5w2lwykb&raw=309,Cadenita 100 + Pendulo + inicial gratis  = 552
papá de coraline,100.309,https://www.dropbox.com/scl/fi/gga84zv49rxhmm6se236f/pendulo.jpg?rlkey=tygwp5vra0vwzj79k21nc2i5y&st=5w2lwykb&raw=310,Cadenita 100 + Pendulo + inicial gratis  = 553
mama d coraline,100.310,https://www.dropbox.com/scl/fi/gga84zv49rxhmm6se236f/pendulo.jpg?rlkey=tygwp5vra0vwzj79k21nc2i5y&st=5w2lwykb&raw=311,Cadenita 100 + Pendulo + inicial gratis  = 554
Gorillaz,100.311,https://www.dropbox.com/scl/fi/gga84zv49rxhmm6se236f/pendulo.jpg?rlkey=tygwp5vra0vwzj79k21nc2i5y&st=5w2lwykb&raw=312,Cadenita 100 + Pendulo + inicial gratis  = 555
Sonic crochet,100.312,https://www.dropbox.com/scl/fi/gga84zv49rxhmm6se236f/pendulo.jpg?rlkey=tygwp5vra0vwzj79k21nc2i5y&st=5w2lwykb&raw=313,Cadenita 100 + Pendulo + inicial gratis  = 556
Tik toker,100.313,https://www.dropbox.com/scl/fi/gga84zv49rxhmm6se236f/pendulo.jpg?rlkey=tygwp5vra0vwzj79k21nc2i5y&st=5w2lwykb&raw=314,Cadenita 100 + Pendulo + inicial gratis  = 557
It 1280,100.314,https://www.dropbox.com/scl/fi/gga84zv49rxhmm6se236f/pendulo.jpg?rlkey=tygwp5vra0vwzj79k21nc2i5y&st=5w2lwykb&raw=315,Cadenita 100 + Pendulo + inicial gratis  = 558
Sombreros de alicia,100.315,https://www.dropbox.com/scl/fi/gga84zv49rxhmm6se236f/pendulo.jpg?rlkey=tygwp5vra0vwzj79k21nc2i5y&st=5w2lwykb&raw=316,Cadenita 100 + Pendulo + inicial gratis  = 559
v d vendeta,100.316,https://www.dropbox.com/scl/fi/gga84zv49rxhmm6se236f/pendulo.jpg?rlkey=tygwp5vra0vwzj79k21nc2i5y&st=5w2lwykb&raw=317,Cadenita 100 + Pendulo + inicial gratis  = 560
Casa de papel,100.317,https://www.dropbox.com/scl/fi/gga84zv49rxhmm6se236f/pendulo.jpg?rlkey=tygwp5vra0vwzj79k21nc2i5y&st=5w2lwykb&raw=318,Cadenita 100 + Pendulo + inicial gratis  = 561
Darkfader,100.318,https://www.dropbox.com/scl/fi/gga84zv49rxhmm6se236f/pendulo.jpg?rlkey=tygwp5vra0vwzj79k21nc2i5y&st=5w2lwykb&raw=319,Cadenita 100 + Pendulo + inicial gratis  = 562
muñeco con máscara,100.319,https://www.dropbox.com/scl/fi/gga84zv49rxhmm6se236f/pendulo.jpg?rlkey=tygwp5vra0vwzj79k21nc2i5y&st=5w2lwykb&raw=320,Cadenita 100 + Pendulo + inicial gratis  = 563
Perrito zombie,100.320,https://www.dropbox.com/scl/fi/gga84zv49rxhmm6se236f/pendulo.jpg?rlkey=tygwp5vra0vwzj79k21nc2i5y&st=5w2lwykb&raw=321,Cadenita 100 + Pendulo + inicial gratis  = 564
bebé zombie,100.321,https://www.dropbox.com/scl/fi/gga84zv49rxhmm6se236f/pendulo.jpg?rlkey=tygwp5vra0vwzj79k21nc2i5y&st=5w2lwykb&raw=322,Cadenita 100 + Pendulo + inicial gratis  = 565
sonic rosita,100.322,https://www.dropbox.com/scl/fi/gga84zv49rxhmm6se236f/pendulo.jpg?rlkey=tygwp5vra0vwzj79k21nc2i5y&st=5w2lwykb&raw=323,Cadenita 100 + Pendulo + inicial gratis  = 566
Coraline barbie,100.323,https://www.dropbox.com/scl/fi/gga84zv49rxhmm6se236f/pendulo.jpg?rlkey=tygwp5vra0vwzj79k21nc2i5y&st=5w2lwykb&raw=324,Cadenita 100 + Pendulo + inicial gratis  = 567
Ladybug barbie,100.324,https://www.dropbox.com/scl/fi/gga84zv49rxhmm6se236f/pendulo.jpg?rlkey=tygwp5vra0vwzj79k21nc2i5y&st=5w2lwykb&raw=325,Cadenita 100 + Pendulo + inicial gratis  = 568
Sally alcancía,100.325,https://www.dropbox.com/scl/fi/gga84zv49rxhmm6se236f/pendulo.jpg?rlkey=tygwp5vra0vwzj79k21nc2i5y&st=5w2lwykb&raw=326,Cadenita 100 + Pendulo + inicial gratis  = 569
Minion,100.326,https://www.dropbox.com/scl/fi/gga84zv49rxhmm6se236f/pendulo.jpg?rlkey=tygwp5vra0vwzj79k21nc2i5y&st=5w2lwykb&raw=327,Cadenita 100 + Pendulo + inicial gratis  = 570
Mario,100.327,https://www.dropbox.com/scl/fi/gga84zv49rxhmm6se236f/pendulo.jpg?rlkey=tygwp5vra0vwzj79k21nc2i5y&st=5w2lwykb&raw=328,Cadenita 100 + Pendulo + inicial gratis  = 571
FNAF,100.328,https://www.dropbox.com/scl/fi/gga84zv49rxhmm6se236f/pendulo.jpg?rlkey=tygwp5vra0vwzj79k21nc2i5y&st=5w2lwykb&raw=329,Cadenita 100 + Pendulo + inicial gratis  = 572
Chukys,100.329,https://www.dropbox.com/scl/fi/gga84zv49rxhmm6se236f/pendulo.jpg?rlkey=tygwp5vra0vwzj79k21nc2i5y&st=5w2lwykb&raw=330,Cadenita 100 + Pendulo + inicial gratis  = 573
Tiffany,100.330,https://www.dropbox.com/scl/fi/gga84zv49rxhmm6se236f/pendulo.jpg?rlkey=tygwp5vra0vwzj79k21nc2i5y&st=5w2lwykb&raw=331,Cadenita 100 + Pendulo + inicial gratis  = 574
Michael Jackson,100.331,https://www.dropbox.com/scl/fi/gga84zv49rxhmm6se236f/pendulo.jpg?rlkey=tygwp5vra0vwzj79k21nc2i5y&st=5w2lwykb&raw=332,Cadenita 100 + Pendulo + inicial gratis  = 575
Lloronas,100.332,https://www.dropbox.com/scl/fi/gga84zv49rxhmm6se236f/pendulo.jpg?rlkey=tygwp5vra0vwzj79k21nc2i5y&st=5w2lwykb&raw=333,Cadenita 100 + Pendulo + inicial gratis  = 576
Uggy buggy,100.333,https://www.dropbox.com/scl/fi/gga84zv49rxhmm6se236f/pendulo.jpg?rlkey=tygwp5vra0vwzj79k21nc2i5y&st=5w2lwykb&raw=334,Cadenita 100 + Pendulo + inicial gratis  = 577
Principito crochet,100.334,https://www.dropbox.com/scl/fi/gga84zv49rxhmm6se236f/pendulo.jpg?rlkey=tygwp5vra0vwzj79k21nc2i5y&st=5w2lwykb&raw=335,Cadenita 100 + Pendulo + inicial gratis  = 578
Zorrito crochet,100.335,https://www.dropbox.com/scl/fi/gga84zv49rxhmm6se236f/pendulo.jpg?rlkey=tygwp5vra0vwzj79k21nc2i5y&st=5w2lwykb&raw=336,Cadenita 100 + Pendulo + inicial gratis  = 579
Chukys,100.336,https://www.dropbox.com/scl/fi/gga84zv49rxhmm6se236f/pendulo.jpg?rlkey=tygwp5vra0vwzj79k21nc2i5y&st=5w2lwykb&raw=337,Cadenita 100 + Pendulo + inicial gratis  = 580
chuky crochet,100.337,https://www.dropbox.com/scl/fi/gga84zv49rxhmm6se236f/pendulo.jpg?rlkey=tygwp5vra0vwzj79k21nc2i5y&st=5w2lwykb&raw=338,Cadenita 100 + Pendulo + inicial gratis  = 581
Robots,100.338,https://www.dropbox.com/scl/fi/gga84zv49rxhmm6se236f/pendulo.jpg?rlkey=tygwp5vra0vwzj79k21nc2i5y&st=5w2lwykb&raw=339,Cadenita 100 + Pendulo + inicial gratis  = 582
Raperos,100.339,https://www.dropbox.com/scl/fi/gga84zv49rxhmm6se236f/pendulo.jpg?rlkey=tygwp5vra0vwzj79k21nc2i5y&st=5w2lwykb&raw=340,Cadenita 100 + Pendulo + inicial gratis  = 583
Coraline bratz,100.340,https://www.dropbox.com/scl/fi/gga84zv49rxhmm6se236f/pendulo.jpg?rlkey=tygwp5vra0vwzj79k21nc2i5y&st=5w2lwykb&raw=341,Cadenita 100 + Pendulo + inicial gratis  = 584
merlina barbie,100.341,https://www.dropbox.com/scl/fi/gga84zv49rxhmm6se236f/pendulo.jpg?rlkey=tygwp5vra0vwzj79k21nc2i5y&st=5w2lwykb&raw=342,Cadenita 100 + Pendulo + inicial gratis  = 585
spiderman,100.342,https://www.dropbox.com/scl/fi/gga84zv49rxhmm6se236f/pendulo.jpg?rlkey=tygwp5vra0vwzj79k21nc2i5y&st=5w2lwykb&raw=343,Cadenita 100 + Pendulo + inicial gratis  = 586
FNAF,100.343,https://www.dropbox.com/scl/fi/gga84zv49rxhmm6se236f/pendulo.jpg?rlkey=tygwp5vra0vwzj79k21nc2i5y&st=5w2lwykb&raw=344,Cadenita 100 + Pendulo + inicial gratis  = 587
FNAF 580,100.344,https://www.dropbox.com/scl/fi/gga84zv49rxhmm6se236f/pendulo.jpg?rlkey=tygwp5vra0vwzj79k21nc2i5y&st=5w2lwykb&raw=345,Cadenita 100 + Pendulo + inicial gratis  = 588
Skibidi toilet 1280,100.345,https://www.dropbox.com/scl/fi/gga84zv49rxhmm6se236f/pendulo.jpg?rlkey=tygwp5vra0vwzj79k21nc2i5y&st=5w2lwykb&raw=346,Cadenita 100 + Pendulo + inicial gratis  = 589
Skibidi toilet 280,100.346,https://www.dropbox.com/scl/fi/gga84zv49rxhmm6se236f/pendulo.jpg?rlkey=tygwp5vra0vwzj79k21nc2i5y&st=5w2lwykb&raw=347,Cadenita 100 + Pendulo + inicial gratis  = 590
Skibidi toilet 580,100.347,https://www.dropbox.com/scl/fi/gga84zv49rxhmm6se236f/pendulo.jpg?rlkey=tygwp5vra0vwzj79k21nc2i5y&st=5w2lwykb&raw=348,Cadenita 100 + Pendulo + inicial gratis  = 591
Circo digital,100.348,https://www.dropbox.com/scl/fi/gga84zv49rxhmm6se236f/pendulo.jpg?rlkey=tygwp5vra0vwzj79k21nc2i5y&st=5w2lwykb&raw=349,Cadenita 100 + Pendulo + inicial gratis  = 592
Pin crocs,100.349,https://www.dropbox.com/scl/fi/gga84zv49rxhmm6se236f/pendulo.jpg?rlkey=tygwp5vra0vwzj79k21nc2i5y&st=5w2lwykb&raw=350,Cadenita 100 + Pendulo + inicial gratis  = 593
Pins promo,100.350,https://www.dropbox.com/scl/fi/gga84zv49rxhmm6se236f/pendulo.jpg?rlkey=tygwp5vra0vwzj79k21nc2i5y&st=5w2lwykb&raw=351,Cadenita 100 + Pendulo + inicial gratis  = 594
Pins liquidacion,100.351,https://www.dropbox.com/scl/fi/gga84zv49rxhmm6se236f/pendulo.jpg?rlkey=tygwp5vra0vwzj79k21nc2i5y&st=5w2lwykb&raw=352,Cadenita 100 + Pendulo + inicial gratis  = 595
Pins resina,100.352,https://www.dropbox.com/scl/fi/gga84zv49rxhmm6se236f/pendulo.jpg?rlkey=tygwp5vra0vwzj79k21nc2i5y&st=5w2lwykb&raw=353,Cadenita 100 + Pendulo + inicial gratis  = 596
Pins metal terror,100.353,https://www.dropbox.com/scl/fi/gga84zv49rxhmm6se236f/pendulo.jpg?rlkey=tygwp5vra0vwzj79k21nc2i5y&st=5w2lwykb&raw=354,Cadenita 100 + Pendulo + inicial gratis  = 597
Pins metal Taylor Swift,100.354,https://www.dropbox.com/scl/fi/gga84zv49rxhmm6se236f/pendulo.jpg?rlkey=tygwp5vra0vwzj79k21nc2i5y&st=5w2lwykb&raw=355,Cadenita 100 + Pendulo + inicial gratis  = 598
Pins metal,100.355,https://www.dropbox.com/scl/fi/gga84zv49rxhmm6se236f/pendulo.jpg?rlkey=tygwp5vra0vwzj79k21nc2i5y&st=5w2lwykb&raw=356,Cadenita 100 + Pendulo + inicial gratis  = 599
Mascaras 1680,100.356,https://www.dropbox.com/scl/fi/gga84zv49rxhmm6se236f/pendulo.jpg?rlkey=tygwp5vra0vwzj79k21nc2i5y&st=5w2lwykb&raw=357,Cadenita 100 + Pendulo + inicial gratis  = 600
Marscara 1280,100.357,https://www.dropbox.com/scl/fi/gga84zv49rxhmm6se236f/pendulo.jpg?rlkey=tygwp5vra0vwzj79k21nc2i5y&st=5w2lwykb&raw=358,Cadenita 100 + Pendulo + inicial gratis  = 601
Mascara 780,100.358,https://www.dropbox.com/scl/fi/gga84zv49rxhmm6se236f/pendulo.jpg?rlkey=tygwp5vra0vwzj79k21nc2i5y&st=5w2lwykb&raw=359,Cadenita 100 + Pendulo + inicial gratis  = 602
Mascara 980,100.359,https://www.dropbox.com/scl/fi/gga84zv49rxhmm6se236f/pendulo.jpg?rlkey=tygwp5vra0vwzj79k21nc2i5y&st=5w2lwykb&raw=360,Cadenita 100 + Pendulo + inicial gratis  = 603
Mascara 1480,100.360,https://www.dropbox.com/scl/fi/gga84zv49rxhmm6se236f/pendulo.jpg?rlkey=tygwp5vra0vwzj79k21nc2i5y&st=5w2lwykb&raw=361,Cadenita 100 + Pendulo + inicial gratis  = 604
Parche 350,100.361,https://www.dropbox.com/scl/fi/gga84zv49rxhmm6se236f/pendulo.jpg?rlkey=tygwp5vra0vwzj79k21nc2i5y&st=5w2lwykb&raw=362,Cadenita 100 + Pendulo + inicial gratis  = 605
Parche 250,100.362,https://www.dropbox.com/scl/fi/gga84zv49rxhmm6se236f/pendulo.jpg?rlkey=tygwp5vra0vwzj79k21nc2i5y&st=5w2lwykb&raw=363,Cadenita 100 + Pendulo + inicial gratis  = 606
Parche 150,100.363,https://www.dropbox.com/scl/fi/gga84zv49rxhmm6se236f/pendulo.jpg?rlkey=tygwp5vra0vwzj79k21nc2i5y&st=5w2lwykb&raw=364,Cadenita 100 + Pendulo + inicial gratis  = 607
Bicolor acero/titanio,100.364,https://www.dropbox.com/scl/fi/gga84zv49rxhmm6se236f/pendulo.jpg?rlkey=tygwp5vra0vwzj79k21nc2i5y&st=5w2lwykb&raw=365,Cadenita 100 + Pendulo + inicial gratis  = 608
Pulsera cuarzo Cuarzo,100.365,https://www.dropbox.com/scl/fi/gga84zv49rxhmm6se236f/pendulo.jpg?rlkey=tygwp5vra0vwzj79k21nc2i5y&st=5w2lwykb&raw=366,Cadenita 100 + Pendulo + inicial gratis  = 609
Pulsera Brillitos,100.366,https://www.dropbox.com/scl/fi/gga84zv49rxhmm6se236f/pendulo.jpg?rlkey=tygwp5vra0vwzj79k21nc2i5y&st=5w2lwykb&raw=367,Cadenita 100 + Pendulo + inicial gratis  = 610
Pulsera Cubo,100.367,https://www.dropbox.com/scl/fi/gga84zv49rxhmm6se236f/pendulo.jpg?rlkey=tygwp5vra0vwzj79k21nc2i5y&st=5w2lwykb&raw=368,Cadenita 100 + Pendulo + inicial gratis  = 611
Pulsera Perlas,100.368,https://www.dropbox.com/scl/fi/gga84zv49rxhmm6se236f/pendulo.jpg?rlkey=tygwp5vra0vwzj79k21nc2i5y&st=5w2lwykb&raw=369,Cadenita 100 + Pendulo + inicial gratis  = 612
Pulsera ojo en flor,100.369,https://www.dropbox.com/scl/fi/gga84zv49rxhmm6se236f/pendulo.jpg?rlkey=tygwp5vra0vwzj79k21nc2i5y&st=5w2lwykb&raw=370,Cadenita 100 + Pendulo + inicial gratis  = 613
Pulsera Discos colores,100.370,https://www.dropbox.com/scl/fi/gga84zv49rxhmm6se236f/pendulo.jpg?rlkey=tygwp5vra0vwzj79k21nc2i5y&st=5w2lwykb&raw=371,Cadenita 100 + Pendulo + inicial gratis  = 614
Pulsera Halloween,100.371,https://www.dropbox.com/scl/fi/gga84zv49rxhmm6se236f/pendulo.jpg?rlkey=tygwp5vra0vwzj79k21nc2i5y&st=5w2lwykb&raw=372,Cadenita 100 + Pendulo + inicial gratis  = 615
Pulsera Pares de iman,100.372,https://www.dropbox.com/scl/fi/gga84zv49rxhmm6se236f/pendulo.jpg?rlkey=tygwp5vra0vwzj79k21nc2i5y&st=5w2lwykb&raw=373,Cadenita 100 + Pendulo + inicial gratis  = 616
Pulsera yingyang bal,100.373,https://www.dropbox.com/scl/fi/gga84zv49rxhmm6se236f/pendulo.jpg?rlkey=tygwp5vra0vwzj79k21nc2i5y&st=5w2lwykb&raw=374,Cadenita 100 + Pendulo + inicial gratis  = 617
Pulsera Chaquira  B/N,100.374,https://www.dropbox.com/scl/fi/gga84zv49rxhmm6se236f/pendulo.jpg?rlkey=tygwp5vra0vwzj79k21nc2i5y&st=5w2lwykb&raw=375,Cadenita 100 + Pendulo + inicial gratis  = 618
Pulsera Chakira c/cruz,100.375,https://www.dropbox.com/scl/fi/gga84zv49rxhmm6se236f/pendulo.jpg?rlkey=tygwp5vra0vwzj79k21nc2i5y&st=5w2lwykb&raw=376,Cadenita 100 + Pendulo + inicial gratis  = 619
Chaquira B/N grande,100.376,https://www.dropbox.com/scl/fi/gga84zv49rxhmm6se236f/pendulo.jpg?rlkey=tygwp5vra0vwzj79k21nc2i5y&st=5w2lwykb&raw=377,Cadenita 100 + Pendulo + inicial gratis  = 620
Cuarzo con conchita,100.377,https://www.dropbox.com/scl/fi/gga84zv49rxhmm6se236f/pendulo.jpg?rlkey=tygwp5vra0vwzj79k21nc2i5y&st=5w2lwykb&raw=378,Cadenita 100 + Pendulo + inicial gratis  = 621
Pulsera Controlito,100.378,https://www.dropbox.com/scl/fi/gga84zv49rxhmm6se236f/pendulo.jpg?rlkey=tygwp5vra0vwzj79k21nc2i5y&st=5w2lwykb&raw=379,Cadenita 100 + Pendulo + inicial gratis  = 622
Pulsera Conchita,100.379,https://www.dropbox.com/scl/fi/gga84zv49rxhmm6se236f/pendulo.jpg?rlkey=tygwp5vra0vwzj79k21nc2i5y&st=5w2lwykb&raw=380,Cadenita 100 + Pendulo + inicial gratis  = 623
Pulsera Ojos con brillitos,100.380,https://www.dropbox.com/scl/fi/gga84zv49rxhmm6se236f/pendulo.jpg?rlkey=tygwp5vra0vwzj79k21nc2i5y&st=5w2lwykb&raw=381,Cadenita 100 + Pendulo + inicial gratis  = 624
San judas doble nudo,100.381,https://www.dropbox.com/scl/fi/gga84zv49rxhmm6se236f/pendulo.jpg?rlkey=tygwp5vra0vwzj79k21nc2i5y&st=5w2lwykb&raw=382,Cadenita 100 + Pendulo + inicial gratis  = 625
Pulsera  Sanrio,100.382,https://www.dropbox.com/scl/fi/gga84zv49rxhmm6se236f/pendulo.jpg?rlkey=tygwp5vra0vwzj79k21nc2i5y&st=5w2lwykb&raw=383,Cadenita 100 + Pendulo + inicial gratis  = 626
Sb medalla chaquira N/R,100.383,https://www.dropbox.com/scl/fi/gga84zv49rxhmm6se236f/pendulo.jpg?rlkey=tygwp5vra0vwzj79k21nc2i5y&st=5w2lwykb&raw=384,Cadenita 100 + Pendulo + inicial gratis  = 627
Medalla SB hilo Neg,100.384,https://www.dropbox.com/scl/fi/gga84zv49rxhmm6se236f/pendulo.jpg?rlkey=tygwp5vra0vwzj79k21nc2i5y&st=5w2lwykb&raw=385,Cadenita 100 + Pendulo + inicial gratis  = 628
Pulsera Medalla SB hilo N/R,100.385,https://www.dropbox.com/scl/fi/gga84zv49rxhmm6se236f/pendulo.jpg?rlkey=tygwp5vra0vwzj79k21nc2i5y&st=5w2lwykb&raw=386,Cadenita 100 + Pendulo + inicial gratis  = 629
"Pulsera H rojo, ojo de laton",100.386,https://www.dropbox.com/scl/fi/gga84zv49rxhmm6se236f/pendulo.jpg?rlkey=tygwp5vra0vwzj79k21nc2i5y&st=5w2lwykb&raw=387,Cadenita 100 + Pendulo + inicial gratis  = 630
"Pulsera Hilo N, ojo de laton",100.387,https://www.dropbox.com/scl/fi/gga84zv49rxhmm6se236f/pendulo.jpg?rlkey=tygwp5vra0vwzj79k21nc2i5y&st=5w2lwykb&raw=388,Cadenita 100 + Pendulo + inicial gratis  = 631
Pulsera Llave SB hilo rojo,100.388,https://www.dropbox.com/scl/fi/gga84zv49rxhmm6se236f/pendulo.jpg?rlkey=tygwp5vra0vwzj79k21nc2i5y&st=5w2lwykb&raw=389,Cadenita 100 + Pendulo + inicial gratis  = 632
Pulsera Infinito colores,100.389,https://www.dropbox.com/scl/fi/gga84zv49rxhmm6se236f/pendulo.jpg?rlkey=tygwp5vra0vwzj79k21nc2i5y&st=5w2lwykb&raw=390,Cadenita 100 + Pendulo + inicial gratis  = 633
Colgante colores de ojo turco,100.390,https://www.dropbox.com/scl/fi/gga84zv49rxhmm6se236f/pendulo.jpg?rlkey=tygwp5vra0vwzj79k21nc2i5y&st=5w2lwykb&raw=391,Cadenita 100 + Pendulo + inicial gratis  = 634
Pulsera Tejidas San Judas,100.391,https://www.dropbox.com/scl/fi/gga84zv49rxhmm6se236f/pendulo.jpg?rlkey=tygwp5vra0vwzj79k21nc2i5y&st=5w2lwykb&raw=392,Cadenita 100 + Pendulo + inicial gratis  = 635
Pulsera Orula,100.392,https://www.dropbox.com/scl/fi/gga84zv49rxhmm6se236f/pendulo.jpg?rlkey=tygwp5vra0vwzj79k21nc2i5y&st=5w2lwykb&raw=393,Cadenita 100 + Pendulo + inicial gratis  = 636
Pulsera Nudo de bruja tejidas,100.393,https://www.dropbox.com/scl/fi/gga84zv49rxhmm6se236f/pendulo.jpg?rlkey=tygwp5vra0vwzj79k21nc2i5y&st=5w2lwykb&raw=394,Cadenita 100 + Pendulo + inicial gratis  = 637
Pulsera Hilo azul ojo rojo,100.394,https://www.dropbox.com/scl/fi/gga84zv49rxhmm6se236f/pendulo.jpg?rlkey=tygwp5vra0vwzj79k21nc2i5y&st=5w2lwykb&raw=395,Cadenita 100 + Pendulo + inicial gratis  = 638
Pulsera Peruanas $100,100.395,https://www.dropbox.com/scl/fi/gga84zv49rxhmm6se236f/pendulo.jpg?rlkey=tygwp5vra0vwzj79k21nc2i5y&st=5w2lwykb&raw=396,Cadenita 100 + Pendulo + inicial gratis  = 639
Pulsera Y Y individuales,100.396,https://www.dropbox.com/scl/fi/gga84zv49rxhmm6se236f/pendulo.jpg?rlkey=tygwp5vra0vwzj79k21nc2i5y&st=5w2lwykb&raw=397,Cadenita 100 + Pendulo + inicial gratis  = 640
Pulsera Ojo R medalla Sb,100.397,https://www.dropbox.com/scl/fi/gga84zv49rxhmm6se236f/pendulo.jpg?rlkey=tygwp5vra0vwzj79k21nc2i5y&st=5w2lwykb&raw=398,Cadenita 100 + Pendulo + inicial gratis  = 641
Pulsera  Hilo rojo bb,100.398,https://www.dropbox.com/scl/fi/gga84zv49rxhmm6se236f/pendulo.jpg?rlkey=tygwp5vra0vwzj79k21nc2i5y&st=5w2lwykb&raw=399,Cadenita 100 + Pendulo + inicial gratis  = 642
Pul Ojo azul hilo rojo bb,100.399,https://www.dropbox.com/scl/fi/gga84zv49rxhmm6se236f/pendulo.jpg?rlkey=tygwp5vra0vwzj79k21nc2i5y&st=5w2lwykb&raw=400,Cadenita 100 + Pendulo + inicial gratis  = 643
Pulsera ojo rojo bb,100.400,https://www.dropbox.com/scl/fi/gga84zv49rxhmm6se236f/pendulo.jpg?rlkey=tygwp5vra0vwzj79k21nc2i5y&st=5w2lwykb&raw=401,Cadenita 100 + Pendulo + inicial gratis  = 644
Pulsera Chakira roja bb,100.401,https://www.dropbox.com/scl/fi/gga84zv49rxhmm6se236f/pendulo.jpg?rlkey=tygwp5vra0vwzj79k21nc2i5y&st=5w2lwykb&raw=402,Cadenita 100 + Pendulo + inicial gratis  = 645
Pulsera Ojo rojo rodio,100.402,https://www.dropbox.com/scl/fi/gga84zv49rxhmm6se236f/pendulo.jpg?rlkey=tygwp5vra0vwzj79k21nc2i5y&st=5w2lwykb&raw=403,Cadenita 100 + Pendulo + inicial gratis  = 646
Pulsera Ojos acero,100.403,https://www.dropbox.com/scl/fi/gga84zv49rxhmm6se236f/pendulo.jpg?rlkey=tygwp5vra0vwzj79k21nc2i5y&st=5w2lwykb&raw=404,Cadenita 100 + Pendulo + inicial gratis  = 647
Pulsera Medalla santos,100.404,https://www.dropbox.com/scl/fi/gga84zv49rxhmm6se236f/pendulo.jpg?rlkey=tygwp5vra0vwzj79k21nc2i5y&st=5w2lwykb&raw=405,Cadenita 100 + Pendulo + inicial gratis  = 648
Pulsera Flores acero,100.405,https://www.dropbox.com/scl/fi/gga84zv49rxhmm6se236f/pendulo.jpg?rlkey=tygwp5vra0vwzj79k21nc2i5y&st=5w2lwykb&raw=406,Cadenita 100 + Pendulo + inicial gratis  = 649
Pul Piedra colores con ojo,100.406,https://www.dropbox.com/scl/fi/gga84zv49rxhmm6se236f/pendulo.jpg?rlkey=tygwp5vra0vwzj79k21nc2i5y&st=5w2lwykb&raw=407,Cadenita 100 + Pendulo + inicial gratis  = 650
Pul Delgada con ojito,100.407,https://www.dropbox.com/scl/fi/gga84zv49rxhmm6se236f/pendulo.jpg?rlkey=tygwp5vra0vwzj79k21nc2i5y&st=5w2lwykb&raw=408,Cadenita 100 + Pendulo + inicial gratis  = 651
Pul Delgadas,100.408,https://www.dropbox.com/scl/fi/gga84zv49rxhmm6se236f/pendulo.jpg?rlkey=tygwp5vra0vwzj79k21nc2i5y&st=5w2lwykb&raw=409,Cadenita 100 + Pendulo + inicial gratis  = 652
Pul Estrellita,100.409,https://www.dropbox.com/scl/fi/gga84zv49rxhmm6se236f/pendulo.jpg?rlkey=tygwp5vra0vwzj79k21nc2i5y&st=5w2lwykb&raw=410,Cadenita 100 + Pendulo + inicial gratis  = 653
Pulsera Estrella David,100.410,https://www.dropbox.com/scl/fi/gga84zv49rxhmm6se236f/pendulo.jpg?rlkey=tygwp5vra0vwzj79k21nc2i5y&st=5w2lwykb&raw=411,Cadenita 100 + Pendulo + inicial gratis  = 654
Pulsera Dorada con ojo,100.411,https://www.dropbox.com/scl/fi/gga84zv49rxhmm6se236f/pendulo.jpg?rlkey=tygwp5vra0vwzj79k21nc2i5y&st=5w2lwykb&raw=412,Cadenita 100 + Pendulo + inicial gratis  = 655
Pulsera de nudos,100.412,https://www.dropbox.com/scl/fi/gga84zv49rxhmm6se236f/pendulo.jpg?rlkey=tygwp5vra0vwzj79k21nc2i5y&st=5w2lwykb&raw=413,Cadenita 100 + Pendulo + inicial gratis  = 656
Bolita de colores hilo rojo,100.413,https://www.dropbox.com/scl/fi/gga84zv49rxhmm6se236f/pendulo.jpg?rlkey=tygwp5vra0vwzj79k21nc2i5y&st=5w2lwykb&raw=414,Cadenita 100 + Pendulo + inicial gratis  = 657
Pulsera Cuero acero 550,100.414,https://www.dropbox.com/scl/fi/gga84zv49rxhmm6se236f/pendulo.jpg?rlkey=tygwp5vra0vwzj79k21nc2i5y&st=5w2lwykb&raw=415,Cadenita 100 + Pendulo + inicial gratis  = 658
Pulsos cubanos plateados 1000,100.415,https://www.dropbox.com/scl/fi/gga84zv49rxhmm6se236f/pendulo.jpg?rlkey=tygwp5vra0vwzj79k21nc2i5y&st=5w2lwykb&raw=416,Cadenita 100 + Pendulo + inicial gratis  = 659
Pulsos cubanos dorados 1200,100.416,https://www.dropbox.com/scl/fi/gga84zv49rxhmm6se236f/pendulo.jpg?rlkey=tygwp5vra0vwzj79k21nc2i5y&st=5w2lwykb&raw=417,Cadenita 100 + Pendulo + inicial gratis  = 660
Pulso cubano negro 1200,100.417,https://www.dropbox.com/scl/fi/gga84zv49rxhmm6se236f/pendulo.jpg?rlkey=tygwp5vra0vwzj79k21nc2i5y&st=5w2lwykb&raw=418,Cadenita 100 + Pendulo + inicial gratis  = 661
Cartier dorada 550,100.418,https://www.dropbox.com/scl/fi/gga84zv49rxhmm6se236f/pendulo.jpg?rlkey=tygwp5vra0vwzj79k21nc2i5y&st=5w2lwykb&raw=419,Cadenita 100 + Pendulo + inicial gratis  = 662
Rolex dorada,100.419,https://www.dropbox.com/scl/fi/gga84zv49rxhmm6se236f/pendulo.jpg?rlkey=tygwp5vra0vwzj79k21nc2i5y&st=5w2lwykb&raw=420,Cadenita 100 + Pendulo + inicial gratis  = 663
rolex bi color,100.420,https://www.dropbox.com/scl/fi/gga84zv49rxhmm6se236f/pendulo.jpg?rlkey=tygwp5vra0vwzj79k21nc2i5y&st=5w2lwykb&raw=421,Cadenita 100 + Pendulo + inicial gratis  = 664
Cuarzo/rodio,100.421,https://www.dropbox.com/scl/fi/gga84zv49rxhmm6se236f/pendulo.jpg?rlkey=tygwp5vra0vwzj79k21nc2i5y&st=5w2lwykb&raw=422,Cadenita 100 + Pendulo + inicial gratis  = 665
Esclava torsal,100.422,https://www.dropbox.com/scl/fi/gga84zv49rxhmm6se236f/pendulo.jpg?rlkey=tygwp5vra0vwzj79k21nc2i5y&st=5w2lwykb&raw=423,Cadenita 100 + Pendulo + inicial gratis  = 666
esclava tiffany 550,100.423,https://www.dropbox.com/scl/fi/gga84zv49rxhmm6se236f/pendulo.jpg?rlkey=tygwp5vra0vwzj79k21nc2i5y&st=5w2lwykb&raw=424,Cadenita 100 + Pendulo + inicial gratis  = 667
esclava de figura bi color,100.424,https://www.dropbox.com/scl/fi/gga84zv49rxhmm6se236f/pendulo.jpg?rlkey=tygwp5vra0vwzj79k21nc2i5y&st=5w2lwykb&raw=425,Cadenita 100 + Pendulo + inicial gratis  = 668
esclava de figura plateada,100.425,https://www.dropbox.com/scl/fi/gga84zv49rxhmm6se236f/pendulo.jpg?rlkey=tygwp5vra0vwzj79k21nc2i5y&st=5w2lwykb&raw=426,Cadenita 100 + Pendulo + inicial gratis  = 669