SKU,Archivo
SKU-1,barcodes\SKU-1.png
SKU-2,barcodes\SKU-2.png
SKU-3,barcodes\SKU-3.png
SKU-4,barcodes\SKU-4.png
SKU-5,barcodes\SKU-5.png
SKU-6,barcodes\SKU-6.png
SKU-7,barcodes\SKU-7.png
SKU-8,barcodes\SKU-8.png
SKU-9,barcodes\SKU-9.png
SKU-10,barcodes\SKU-10.png
SKU-11,barcodes\SKU-11.png
SKU-12,barcodes\SKU-12.png
SKU-13,barcodes\SKU-13.png
SKU-14,barcodes\SKU-14.png
SKU-15,barcodes\SKU-15.png
SKU-16,barcodes\SKU-16.png
SKU-17,barcodes\SKU-17.png
SKU-18,barcodes\SKU-18.png
SKU-19,barcodes\SKU-19.png
SKU-20,barcodes\SKU-20.png
SKU-21,barcodes\SKU-21.png
SKU-22,barcodes\SKU-22.png
SKU-23,barcodes\SKU-23.png
SKU-24,barcodes\SKU-24.png
SKU-25,barcodes\SKU-25.png
SKU-26,barcodes\SKU-26.png
SKU-27,barcodes\SKU-27.png
SKU-28,barcodes\SKU-28.png
SKU-29,barcodes\SKU-29.png
SKU-30,barcodes\SKU-30.png
SKU-31,barcodes\SKU-31.png
SKU-32,barcodes\SKU-32.png
SKU-33,barcodes\SKU-33.png
SKU-34,barcodes\SKU-34.png
SKU-35,barcodes\SKU-35.png
SKU-36,barcodes\SKU-36.png
SKU-37,barcodes\SKU-37.png
SKU-38,barcodes\SKU-38.png
SKU-39,barcodes\SKU-39.png
SKU-40,barcodes\SKU-40.png
SKU-41,barcodes\SKU-41.png
SKU-42,barcodes\SKU-42.png
SKU-43,barcodes\SKU-43.png
SKU-44,barcodes\SKU-44.png
SKU-45,barcodes\SKU-45.png
SKU-46,barcodes\SKU-46.png
SKU-47,barcodes\SKU-47.png
SKU-48,barcodes\SKU-48.png
SKU-49,barcodes\SKU-49.png
SKU-50,barcodes\SKU-50.png
SKU-51,barcodes\SKU-51.png
SKU-52,barcodes\SKU-52.png
SKU-53,barcodes\SKU-53.png
SKU-54,barcodes\SKU-54.png
SKU-55,barcodes\SKU-55.png
SKU-56,barcodes\SKU-56.png
SKU-57,barcodes\SKU-57.png
SKU-58,barcodes\SKU-58.png
SKU-59,barcodes\SKU-59.png
SKU-60,barcodes\SKU-60.png
SKU-61,barcodes\SKU-61.png
SKU-62,barcodes\SKU-62.png
SKU-63,barcodes\SKU-63.png
SKU-64,barcodes\SKU-64.png
SKU-65,barcodes\SKU-65.png
SKU-66,barcodes\SKU-66.png
SKU-67,barcodes\SKU-67.png
SKU-68,barcodes\SKU-68.png
SKU-69,barcodes\SKU-69.png
SKU-70,barcodes\SKU-70.png
SKU-71,barcodes\SKU-71.png
SKU-72,barcodes\SKU-72.png
SKU-73,barcodes\SKU-73.png
SKU-74,barcodes\SKU-74.png
SKU-75,barcodes\SKU-75.png
SKU-76,barcodes\SKU-76.png
SKU-77,barcodes\SKU-77.png
SKU-78,barcodes\SKU-78.png
SKU-79,barcodes\SKU-79.png
SKU-80,barcodes\SKU-80.png
SKU-81,barcodes\SKU-81.png
SKU-82,barcodes\SKU-82.png
SKU-83,barcodes\SKU-83.png
SKU-84,barcodes\SKU-84.png
SKU-85,barcodes\SKU-85.png
SKU-86,barcodes\SKU-86.png
SKU-87,barcodes\SKU-87.png
SKU-88,barcodes\SKU-88.png
SKU-89,barcodes\SKU-89.png
SKU-90,barcodes\SKU-90.png
SKU-91,barcodes\SKU-91.png
SKU-92,barcodes\SKU-92.png
SKU-93,barcodes\SKU-93.png
SKU-94,barcodes\SKU-94.png
SKU-95,barcodes\SKU-95.png
SKU-96,barcodes\SKU-96.png
SKU-97,barcodes\SKU-97.png
SKU-98,barcodes\SKU-98.png
SKU-99,barcodes\SKU-99.png
SKU-100,barcodes\SKU-100.png
SKU-101,barcodes\SKU-101.png
SKU-102,barcodes\SKU-102.png
SKU-103,barcodes\SKU-103.png
SKU-104,barcodes\SKU-104.png
SKU-105,barcodes\SKU-105.png
SKU-106,barcodes\SKU-106.png
SKU-107,barcodes\SKU-107.png
SKU-108,barcodes\SKU-108.png
SKU-109,barcodes\SKU-109.png
SKU-110,barcodes\SKU-110.png
SKU-111,barcodes\SKU-111.png
SKU-112,barcodes\SKU-112.png
SKU-113,barcodes\SKU-113.png
SKU-114,barcodes\SKU-114.png
SKU-115,barcodes\SKU-115.png
SKU-116,barcodes\SKU-116.png
SKU-117,barcodes\SKU-117.png
SKU-118,barcodes\SKU-118.png
SKU-119,barcodes\SKU-119.png
SKU-120,barcodes\SKU-120.png
SKU-121,barcodes\SKU-121.png
SKU-122,barcodes\SKU-122.png
SKU-123,barcodes\SKU-123.png
SKU-124,barcodes\SKU-124.png
SKU-125,barcodes\SKU-125.png
SKU-126,barcodes\SKU-126.png
SKU-127,barcodes\SKU-127.png
SKU-128,barcodes\SKU-128.png
SKU-129,barcodes\SKU-129.png
SKU-130,barcodes\SKU-130.png
SKU-131,barcodes\SKU-131.png
SKU-132,barcodes\SKU-132.png
SKU-133,barcodes\SKU-133.png
SKU-134,barcodes\SKU-134.png
SKU-135,barcodes\SKU-135.png
SKU-136,barcodes\SKU-136.png
SKU-137,barcodes\SKU-137.png
SKU-138,barcodes\SKU-138.png
SKU-139,barcodes\SKU-139.png
SKU-140,barcodes\SKU-140.png
SKU-141,barcodes\SKU-141.png
SKU-142,barcodes\SKU-142.png
SKU-143,barcodes\SKU-143.png
SKU-144,barcodes\SKU-144.png
SKU-145,barcodes\SKU-145.png
SKU-146,barcodes\SKU-146.png
SKU-147,barcodes\SKU-147.png
SKU-148,barcodes\SKU-148.png
SKU-149,barcodes\SKU-149.png
SKU-150,barcodes\SKU-150.png
SKU-151,barcodes\SKU-151.png
SKU-152,barcodes\SKU-152.png
SKU-153,barcodes\SKU-153.png
SKU-154,barcodes\SKU-154.png
SKU-155,barcodes\SKU-155.png
SKU-156,barcodes\SKU-156.png
SKU-157,barcodes\SKU-157.png
SKU-158,barcodes\SKU-158.png
SKU-159,barcodes\SKU-159.png
SKU-160,barcodes\SKU-160.png
SKU-161,barcodes\SKU-161.png
SKU-162,barcodes\SKU-162.png
SKU-163,barcodes\SKU-163.png
SKU-164,barcodes\SKU-164.png
SKU-165,barcodes\SKU-165.png
SKU-166,barcodes\SKU-166.png
SKU-167,barcodes\SKU-167.png
SKU-168,barcodes\SKU-168.png
SKU-169,barcodes\SKU-169.png
SKU-170,barcodes\SKU-170.png
SKU-171,barcodes\SKU-171.png
SKU-172,barcodes\SKU-172.png
SKU-173,barcodes\SKU-173.png
SKU-174,barcodes\SKU-174.png
SKU-175,barcodes\SKU-175.png
SKU-176,barcodes\SKU-176.png
SKU-177,barcodes\SKU-177.png
SKU-178,barcodes\SKU-178.png
SKU-179,barcodes\SKU-179.png
SKU-180,barcodes\SKU-180.png
SKU-181,barcodes\SKU-181.png
SKU-182,barcodes\SKU-182.png
SKU-183,barcodes\SKU-183.png
SKU-184,barcodes\SKU-184.png
SKU-185,barcodes\SKU-185.png
SKU-186,barcodes\SKU-186.png
SKU-187,barcodes\SKU-187.png
SKU-188,barcodes\SKU-188.png
SKU-189,barcodes\SKU-189.png
SKU-190,barcodes\SKU-190.png
SKU-191,barcodes\SKU-191.png
SKU-192,barcodes\SKU-192.png
SKU-193,barcodes\SKU-193.png
SKU-194,barcodes\SKU-194.png
SKU-195,barcodes\SKU-195.png
SKU-196,barcodes\SKU-196.png
SKU-197,barcodes\SKU-197.png
SKU-198,barcodes\SKU-198.png
SKU-199,barcodes\SKU-199.png
SKU-200,barcodes\SKU-200.png
SKU-201,barcodes\SKU-201.png
SKU-202,barcodes\SKU-202.png
SKU-203,barcodes\SKU-203.png
SKU-204,barcodes\SKU-204.png
SKU-205,barcodes\SKU-205.png
SKU-206,barcodes\SKU-206.png
SKU-207,barcodes\SKU-207.png
SKU-208,barcodes\SKU-208.png
SKU-209,barcodes\SKU-209.png
SKU-210,barcodes\SKU-210.png
SKU-211,barcodes\SKU-211.png
SKU-212,barcodes\SKU-212.png
SKU-213,barcodes\SKU-213.png
SKU-214,barcodes\SKU-214.png
SKU-215,barcodes\SKU-215.png
SKU-216,barcodes\SKU-216.png
SKU-217,barcodes\SKU-217.png
SKU-218,barcodes\SKU-218.png
SKU-219,barcodes\SKU-219.png
SKU-220,barcodes\SKU-220.png
SKU-221,barcodes\SKU-221.png
SKU-222,barcodes\SKU-222.png
SKU-223,barcodes\SKU-223.png
SKU-224,barcodes\SKU-224.png
SKU-225,barcodes\SKU-225.png
SKU-226,barcodes\SKU-226.png
SKU-227,barcodes\SKU-227.png
SKU-228,barcodes\SKU-228.png
SKU-229,barcodes\SKU-229.png
SKU-230,barcodes\SKU-230.png
SKU-231,barcodes\SKU-231.png
SKU-232,barcodes\SKU-232.png
SKU-233,barcodes\SKU-233.png
SKU-234,barcodes\SKU-234.png
SKU-235,barcodes\SKU-235.png
SKU-236,barcodes\SKU-236.png
SKU-237,barcodes\SKU-237.png
SKU-238,barcodes\SKU-238.png
SKU-239,barcodes\SKU-239.png
SKU-240,barcodes\SKU-240.png
SKU-241,barcodes\SKU-241.png
SKU-242,barcodes\SKU-242.png
SKU-243,barcodes\SKU-243.png
SKU-244,barcodes\SKU-244.png
SKU-245,barcodes\SKU-245.png
SKU-246,barcodes\SKU-246.png
SKU-247,barcodes\SKU-247.png
SKU-248,barcodes\SKU-248.png
SKU-249,barcodes\SKU-249.png
SKU-250,barcodes\SKU-250.png
SKU-251,barcodes\SKU-251.png
SKU-252,barcodes\SKU-252.png
SKU-253,barcodes\SKU-253.png
SKU-254,barcodes\SKU-254.png
SKU-255,barcodes\SKU-255.png
SKU-256,barcodes\SKU-256.png
SKU-257,barcodes\SKU-257.png
SKU-258,barcodes\SKU-258.png
SKU-259,barcodes\SKU-259.png
SKU-260,barcodes\SKU-260.png
SKU-261,barcodes\SKU-261.png
SKU-262,barcodes\SKU-262.png
SKU-263,barcodes\SKU-263.png
SKU-264,barcodes\SKU-264.png
SKU-265,barcodes\SKU-265.png
SKU-266,barcodes\SKU-266.png
SKU-267,barcodes\SKU-267.png
SKU-268,barcodes\SKU-268.png
SKU-269,barcodes\SKU-269.png
SKU-270,barcodes\SKU-270.png
SKU-271,barcodes\SKU-271.png
SKU-272,barcodes\SKU-272.png
SKU-273,barcodes\SKU-273.png
SKU-274,barcodes\SKU-274.png
SKU-275,barcodes\SKU-275.png
SKU-276,barcodes\SKU-276.png
SKU-277,barcodes\SKU-277.png
SKU-278,barcodes\SKU-278.png
SKU-279,barcodes\SKU-279.png
SKU-280,barcodes\SKU-280.png
SKU-281,barcodes\SKU-281.png
SKU-282,barcodes\SKU-282.png
SKU-283,barcodes\SKU-283.png
SKU-284,barcodes\SKU-284.png
SKU-285,barcodes\SKU-285.png
SKU-286,barcodes\SKU-286.png
SKU-287,barcodes\SKU-287.png
SKU-288,barcodes\SKU-288.png
SKU-289,barcodes\SKU-289.png
SKU-290,barcodes\SKU-290.png
SKU-291,barcodes\SKU-291.png
SKU-292,barcodes\SKU-292.png
SKU-293,barcodes\SKU-293.png
SKU-294,barcodes\SKU-294.png
SKU-295,barcodes\SKU-295.png
SKU-296,barcodes\SKU-296.png
SKU-297,barcodes\SKU-297.png
SKU-298,barcodes\SKU-298.png
SKU-299,barcodes\SKU-299.png
SKU-300,barcodes\SKU-300.png
SKU-301,barcodes\SKU-301.png
SKU-302,barcodes\SKU-302.png
SKU-303,barcodes\SKU-303.png
SKU-304,barcodes\SKU-304.png
SKU-305,barcodes\SKU-305.png
SKU-306,barcodes\SKU-306.png
SKU-307,barcodes\SKU-307.png
SKU-308,barcodes\SKU-308.png
SKU-309,barcodes\SKU-309.png
SKU-310,barcodes\SKU-310.png
SKU-311,barcodes\SKU-311.png
SKU-312,barcodes\SKU-312.png
SKU-313,barcodes\SKU-313.png
SKU-314,barcodes\SKU-314.png
SKU-315,barcodes\SKU-315.png
SKU-316,barcodes\SKU-316.png
SKU-317,barcodes\SKU-317.png
SKU-318,barcodes\SKU-318.png
SKU-319,barcodes\SKU-319.png
SKU-320,barcodes\SKU-320.png
SKU-321,barcodes\SKU-321.png
SKU-322,barcodes\SKU-322.png
SKU-323,barcodes\SKU-323.png
SKU-324,barcodes\SKU-324.png
SKU-325,barcodes\SKU-325.png
SKU-326,barcodes\SKU-326.png
SKU-327,barcodes\SKU-327.png
SKU-328,barcodes\SKU-328.png
SKU-329,barcodes\SKU-329.png
SKU-330,barcodes\SKU-330.png
SKU-331,barcodes\SKU-331.png
SKU-332,barcodes\SKU-332.png
SKU-333,barcodes\SKU-333.png
SKU-334,barcodes\SKU-334.png
SKU-335,barcodes\SKU-335.png
SKU-336,barcodes\SKU-336.png
SKU-337,barcodes\SKU-337.png
SKU-338,barcodes\SKU-338.png
SKU-339,barcodes\SKU-339.png
SKU-340,barcodes\SKU-340.png
SKU-341,barcodes\SKU-341.png
SKU-342,barcodes\SKU-342.png
SKU-343,barcodes\SKU-343.png
SKU-344,barcodes\SKU-344.png
SKU-345,barcodes\SKU-345.png
SKU-346,barcodes\SKU-346.png
SKU-347,barcodes\SKU-347.png
SKU-348,barcodes\SKU-348.png
SKU-349,barcodes\SKU-349.png
SKU-350,barcodes\SKU-350.png
SKU-351,barcodes\SKU-351.png
SKU-352,barcodes\SKU-352.png
SKU-353,barcodes\SKU-353.png
SKU-354,barcodes\SKU-354.png
SKU-355,barcodes\SKU-355.png
SKU-356,barcodes\SKU-356.png
SKU-357,barcodes\SKU-357.png
SKU-358,barcodes\SKU-358.png
SKU-359,barcodes\SKU-359.png
SKU-360,barcodes\SKU-360.png
SKU-361,barcodes\SKU-361.png
SKU-362,barcodes\SKU-362.png
SKU-363,barcodes\SKU-363.png
SKU-364,barcodes\SKU-364.png
SKU-365,barcodes\SKU-365.png
SKU-366,barcodes\SKU-366.png
SKU-367,barcodes\SKU-367.png
SKU-368,barcodes\SKU-368.png
SKU-369,barcodes\SKU-369.png
SKU-370,barcodes\SKU-370.png
SKU-371,barcodes\SKU-371.png
SKU-372,barcodes\SKU-372.png
SKU-373,barcodes\SKU-373.png
SKU-374,barcodes\SKU-374.png
SKU-375,barcodes\SKU-375.png
SKU-376,barcodes\SKU-376.png
SKU-377,barcodes\SKU-377.png
SKU-378,barcodes\SKU-378.png
SKU-379,barcodes\SKU-379.png
SKU-380,barcodes\SKU-380.png
SKU-381,barcodes\SKU-381.png
SKU-382,barcodes\SKU-382.png
SKU-383,barcodes\SKU-383.png
SKU-384,barcodes\SKU-384.png
SKU-385,barcodes\SKU-385.png
SKU-386,barcodes\SKU-386.png
SKU-387,barcodes\SKU-387.png
SKU-388,barcodes\SKU-388.png
SKU-389,barcodes\SKU-389.png
SKU-390,barcodes\SKU-390.png
SKU-391,barcodes\SKU-391.png
SKU-392,barcodes\SKU-392.png
SKU-393,barcodes\SKU-393.png
SKU-394,barcodes\SKU-394.png
SKU-395,barcodes\SKU-395.png
SKU-396,barcodes\SKU-396.png
SKU-397,barcodes\SKU-397.png
SKU-398,barcodes\SKU-398.png
SKU-399,barcodes\SKU-399.png
SKU-400,barcodes\SKU-400.png
SKU-401,barcodes\SKU-401.png
SKU-402,barcodes\SKU-402.png
SKU-403,barcodes\SKU-403.png
SKU-404,barcodes\SKU-404.png
SKU-405,barcodes\SKU-405.png
SKU-406,barcodes\SKU-406.png
SKU-407,barcodes\SKU-407.png
SKU-408,barcodes\SKU-408.png
SKU-409,barcodes\SKU-409.png
SKU-410,barcodes\SKU-410.png
SKU-411,barcodes\SKU-411.png
SKU-412,barcodes\SKU-412.png
SKU-413,barcodes\SKU-413.png
SKU-414,barcodes\SKU-414.png
SKU-415,barcodes\SKU-415.png
SKU-416,barcodes\SKU-416.png
SKU-417,barcodes\SKU-417.png
SKU-418,barcodes\SKU-418.png
SKU-419,barcodes\SKU-419.png
SKU-420,barcodes\SKU-420.png
SKU-421,barcodes\SKU-421.png
SKU-422,barcodes\SKU-422.png
SKU-423,barcodes\SKU-423.png
SKU-424,barcodes\SKU-424.png
SKU-425,barcodes\SKU-425.png
SKU-426,barcodes\SKU-426.png
SKU-427,barcodes\SKU-427.png
SKU-428,barcodes\SKU-428.png
SKU-429,barcodes\SKU-429.png
SKU-430,barcodes\SKU-430.png
SKU-431,barcodes\SKU-431.png
SKU-432,barcodes\SKU-432.png
SKU-433,barcodes\SKU-433.png
SKU-434,barcodes\SKU-434.png
SKU-435,barcodes\SKU-435.png
SKU-436,barcodes\SKU-436.png
SKU-437,barcodes\SKU-437.png
SKU-438,barcodes\SKU-438.png
SKU-439,barcodes\SKU-439.png
SKU-440,barcodes\SKU-440.png
SKU-441,barcodes\SKU-441.png
SKU-442,barcodes\SKU-442.png
SKU-443,barcodes\SKU-443.png
SKU-444,barcodes\SKU-444.png
SKU-445,barcodes\SKU-445.png
SKU-446,barcodes\SKU-446.png
SKU-447,barcodes\SKU-447.png
SKU-448,barcodes\SKU-448.png
SKU-449,barcodes\SKU-449.png
SKU-450,barcodes\SKU-450.png
SKU-451,barcodes\SKU-451.png
SKU-452,barcodes\SKU-452.png
SKU-453,barcodes\SKU-453.png
SKU-454,barcodes\SKU-454.png
SKU-455,barcodes\SKU-455.png
SKU-456,barcodes\SKU-456.png
SKU-457,barcodes\SKU-457.png
SKU-458,barcodes\SKU-458.png
SKU-459,barcodes\SKU-459.png
SKU-460,barcodes\SKU-460.png
SKU-461,barcodes\SKU-461.png
SKU-462,barcodes\SKU-462.png
SKU-463,barcodes\SKU-463.png
SKU-464,barcodes\SKU-464.png
SKU-465,barcodes\SKU-465.png
SKU-466,barcodes\SKU-466.png
SKU-467,barcodes\SKU-467.png
SKU-468,barcodes\SKU-468.png
SKU-469,barcodes\SKU-469.png
SKU-470,barcodes\SKU-470.png
SKU-471,barcodes\SKU-471.png
SKU-472,barcodes\SKU-472.png
SKU-473,barcodes\SKU-473.png
SKU-474,barcodes\SKU-474.png
SKU-475,barcodes\SKU-475.png
SKU-476,barcodes\SKU-476.png
SKU-477,barcodes\SKU-477.png
SKU-478,barcodes\SKU-478.png
SKU-479,barcodes\SKU-479.png
SKU-480,barcodes\SKU-480.png
SKU-481,barcodes\SKU-481.png
SKU-482,barcodes\SKU-482.png
SKU-483,barcodes\SKU-483.png
SKU-484,barcodes\SKU-484.png
SKU-485,barcodes\SKU-485.png
SKU-486,barcodes\SKU-486.png
SKU-487,barcodes\SKU-487.png
SKU-488,barcodes\SKU-488.png
SKU-489,barcodes\SKU-489.png
SKU-490,barcodes\SKU-490.png
SKU-491,barcodes\SKU-491.png
SKU-492,barcodes\SKU-492.png
SKU-493,barcodes\SKU-493.png
SKU-494,barcodes\SKU-494.png
SKU-495,barcodes\SKU-495.png
SKU-496,barcodes\SKU-496.png
SKU-497,barcodes\SKU-497.png
SKU-498,barcodes\SKU-498.png
SKU-499,barcodes\SKU-499.png
SKU-500,barcodes\SKU-500.png
